Price Date,MadhyaPradesh_Soyabean_Ashoknagar,MadhyaPradesh_Soyabean_Chhindwara,MadhyaPradesh_Soyabean_Dewas,MadhyaPradesh_Soyabean_Guna,MadhyaPradesh_Soyabean_Harda,MadhyaPradesh_Soyabean_Indore,MadhyaPradesh_Soyabean_Khandwa,MadhyaPradesh_Soyabean_Khargone,MadhyaPradesh_Soyabean_Mandsaur,MadhyaPradesh_Soyabean_Raisen,MadhyaPradesh_Soyabean_Rajgarh,MadhyaPradesh_Soyabean_Sagar,MadhyaPradesh_Soyabean_Sehore,MadhyaPradesh_Soyabean_Shajapur,MadhyaPradesh_Soyabean_Shivpuri,MadhyaPradesh_Soyabean_Tikamgarh,MadhyaPradesh_Soyabean_Ujjain,MadhyaPradesh_Soyabean_Vidisha,Odisha_Brinjal_Bargarh,Odisha_Brinjal_Nayagarh,Odisha_Brinjal_Balasore,Odisha_Brinjal_Ganjam,Odisha_Brinjal_Dhenkanal,Odisha_Brinjal_Kalahandi
01-02-2012,0.100124046,0.103483492,0.090937128,0.092092598,0.098720235,0.086074423,0.100183754,0.093386085,0.094961003,0.097572928,0.091563159,0.087104246,0.096638231,0.092820882,0.115860668,0.102616154,0.08933985,0.087641563,0.282828705,0.343724076,0.279182872,0.271142857,0.282635094,0.200840981
01-03-2012,0.109884355,0.083071186,0.07398963,0.085026794,0.07813618,0.07649139,0.086756283,0.088106491,0.07440282,0.078547458,0.078407447,0.065287395,0.081955415,0.077406027,0.094410341,0.085291954,0.074710148,0.065845322,0.288295076,0.331706733,0.272522548,0.260401077,0.326658404,0.122045048
01-04-2012,0.07191959,0.092758455,0.110716599,0.106035917,0.118514977,0.100904748,0.09035084,0.10000419,0.139869904,0.117474657,0.106880048,0.074750699,0.122484106,0.112573327,0.12622913,0.105820748,0.089787222,0.086576989,0.255673706,0.325014174,0.275582993,0.231586191,0.28045024,0.140893087
01-05-2012,0.244745156,0.133292734,0.120754814,0.111645195,0.142132937,0.096402331,0.168443044,0.127570686,0.131646414,0.145925044,0.11749302,0.11739274,0.136438908,0.1182397,0.105326322,0.090034914,0.109968461,0.105024963,0.291632746,0.404181651,0.28043721,0.239477426,0.250015095,0.157922355
01-06-2012,0.07109911,0.112004828,0.103878895,0.125517484,0.105746467,0.118243388,0.113875122,0.107762967,0.109829718,0.109005441,0.112870008,0.12463091,0.104046746,0.114344299,0.122797426,0.09576472,0.097602836,0.102549787,0.230176334,0.417777292,0.273306579,0.23405756,0.292351164,0.146716821
01-07-2012,0.125454232,0.087138988,0.092998296,0.113181172,0.099227417,0.098183311,0.118577426,0.113153142,0.099035465,0.098231838,0.095135744,0.085135141,0.103249815,0.093893542,0.084810748,0.076071139,0.079224398,0.075036239,0.311122836,0.426892509,0.28032781,0.221104483,0.144317139,0.091213857
01-08-2012,0.122303196,0.152927915,0.155059741,0.158390693,0.213122699,0.160267543,0.168977215,0.159590069,0.212679372,0.271711971,0.185090293,0.121405996,0.190749664,0.189347196,0.181880175,0.154182144,0.147179615,0.154378309,0.168250921,0.369277756,0.276792715,0.308070392,0.200488249,0.082243352
01-09-2012,0.102104571,0.118247035,0.103778742,0.129932593,0.10934372,0.114851388,0.125639936,0.125029166,0.126246842,0.118970398,0.11231326,0.127995197,0.117474819,0.109693945,0.077764309,0.063442449,0.103472191,0.103182569,0.29714801,0.322529465,0.280022682,0.322924283,0.180925873,0.097674407
01-10-2012,0.13372113,0.129963542,0.116062716,0.126220209,0.139412869,0.116629795,0.131733713,0.123004913,0.131107023,0.142839632,0.122698096,0.093951309,0.126918327,0.138185851,0.131688649,0.142852744,0.112584458,0.109698645,0.222742503,0.357104538,0.274439357,0.308217229,0.21839197,0.114156311
01-11-2012,0.150171587,0.163127913,0.141475033,0.109638238,0.120422117,0.114701328,0.090009045,0.103834684,0.151425434,0.115652234,0.121429223,0.155141561,0.116415376,0.099360786,0.147403623,0.095704153,0.169314164,0.1601942,0.178875689,0.358570711,0.269434823,0.280444931,0.256087323,0.130241907
01-12-2012,0.112622225,0.128672651,0.095522765,0.094353323,0.094398318,0.09607301,0.091908994,0.103989385,0.086313548,0.100381221,0.092855904,0.152411328,0.090769647,0.090553196,0.111276261,0.110659811,0.129663948,0.114242163,0.240266259,0.328869103,0.26157108,0.233285167,0.228404887,0.150979199
01-01-2013,0.089222075,0.10030945,0.084193109,0.090850073,0.08487815,0.086196278,0.091262797,0.093543546,0.078131942,0.087786875,0.082799654,0.097974611,0.084664791,0.081616558,0.109926422,0.079944603,0.091448666,0.080131754,0.222906857,0.307076226,0.26445855,0.203771515,0.272605516,0.174199719
01-02-2013,0.073775721,0.080600175,0.078879975,0.08978265,0.076257076,0.083330343,0.087951977,0.091989196,0.07497861,0.081554625,0.080361448,0.069354785,0.08045715,0.079674137,0.088915019,0.093025265,0.068894881,0.061316045,0.221110637,0.290212465,0.271746226,0.194091617,0.313868332,0.18783122
01-03-2013,0.066946967,0.068471346,0.075604013,0.089185635,0.074737997,0.079365263,0.088487375,0.090908592,0.077056977,0.08051352,0.080402653,0.051616313,0.081464981,0.077848067,0.08460309,0.073939787,0.054903253,0.052821063,0.234529223,0.284866528,0.27718677,0.214406388,0.351234712,0.213259384
01-04-2013,0.060875098,0.069507771,0.08033229,0.101069413,0.095370299,0.076866838,0.099854024,0.10079752,0.072901569,0.097159297,0.084589457,0.050292508,0.091230941,0.083733415,0.088177989,0.1000901,0.059076424,0.057493458,0.213348478,0.296102138,0.275263021,0.197508845,0.394012559,0.218231491
01-05-2013,0.077489028,0.097263474,0.092262248,0.114054557,0.120595891,0.074667373,0.126904398,0.124131281,0.145835707,0.124257048,0.114380981,0.081023781,0.112175361,0.128407017,0.099431058,0.076111373,0.084617036,0.089210518,0.266879643,0.312602871,0.279070588,0.219270117,0.316990687,0.235601955
01-06-2013,0.058771227,0.077452943,0.080137785,0.102956063,0.084372753,0.107991087,0.100205913,0.105222174,0.087946954,0.090448623,0.088289644,0.079840964,0.089054024,0.087462665,0.074472534,0.084806176,0.066782938,0.065626984,0.258932247,0.373922198,0.268156693,0.206570297,0.243591562,0.237356768
01-07-2013,0.076763981,0.063946022,0.076394282,0.102385965,0.084919957,0.085285343,0.097917737,0.098572388,0.08853185,0.085715626,0.082882524,0.052919054,0.087023174,0.089029817,0.085722036,0.073142732,0.064374509,0.061304785,0.265332846,0.369085509,0.283838192,0.236602662,0.259370834,0.254641071
01-08-2013,0.073758352,0.101268589,0.083559988,0.096550126,0.095708251,0.08421803,0.095619231,0.095666212,0.097950528,0.096354671,0.089464243,0.06361586,0.088384154,0.091024469,0.078600179,0.093007127,0.073132356,0.077063774,0.261189605,0.353975118,0.273648171,0.223853519,0.249944533,0.18835285
01-09-2013,0.059300342,0.084930155,0.065650434,0.084701402,0.067831686,0.072991123,0.08333633,0.088948721,0.071106582,0.076554761,0.075723695,0.0660499,0.075166897,0.074497219,0.103196383,0.071191142,0.060808797,0.062132955,0.322428922,0.332492285,0.270269581,0.252502714,0.258934348,0.125101114
01-10-2013,0.059915306,0.073312876,0.064352719,0.081173065,0.072382693,0.070984261,0.084106681,0.086203161,0.074519444,0.071426317,0.071609882,0.047825611,0.072616323,0.0728071,0.072599082,0.078130768,0.052590574,0.049830232,0.286865153,0.391876171,0.285986135,0.22795478,0.289549361,0.145781239
01-11-2013,0.066746686,0.077644625,0.059439542,0.080217491,0.07266502,0.066037401,0.077776877,0.082961169,0.069499613,0.069351665,0.072993332,0.051591314,0.069539165,0.071264846,0.123190826,0.066886458,0.047098277,0.04366288,0.283236222,0.380913113,0.28267448,0.277101917,0.202094224,0.151433788
01-12-2013,0.079873222,0.109533131,0.110765278,0.105589812,0.086874912,0.090983074,0.114575063,0.109039132,0.113529059,0.101217854,0.090031146,0.052446827,0.09469282,0.09493544,0.088757284,0.078624917,0.065627929,0.059185905,0.308263845,0.40822003,0.285193031,0.306575987,0.209001265,0.119990539
01-01-2014,0.061309097,0.099217297,0.074077173,0.089586638,0.065300393,0.075330365,0.083228353,0.090149902,0.071621903,0.073274872,0.072337416,0.096193544,0.081450671,0.074005565,0.102970021,0.060458554,0.053101087,0.049444499,0.274085132,0.402188354,0.278171732,0.310813375,0.2441839,0.134158329
01-02-2014,0.056374149,0.085198506,0.068718152,0.086510125,0.068518574,0.074733169,0.082876634,0.089827307,0.069872765,0.074600078,0.073474586,0.124290146,0.076211295,0.07228742,0.089648702,0.069934034,0.046044158,0.042377808,0.190948157,0.371209126,0.270599457,0.478579203,0.273978367,0.143246871
01-03-2014,0.059722193,0.081066683,0.069558395,0.08652063,0.072307206,0.070063387,0.083840308,0.091866068,0.071745909,0.074615102,0.068390386,0.083146197,0.075923311,0.072761284,0.102461631,0.052059596,0.039736417,0.044629533,0.245034942,0.327063271,0.270034092,0.334433616,0.2780327,0.164837207
01-04-2014,0.066410936,0.089323652,0.063401474,0.101243184,0.081939869,0.085420912,0.086107552,0.098113214,0.088061216,0.09598895,0.088305712,0.063878714,0.096384234,0.076488717,0.092439117,0.086836527,0.050990721,0.057193569,0.22366201,0.327428193,0.265119365,0.311296715,0.323157392,0.185710315
01-05-2014,0.052271291,0.081338263,0.081178826,0.106796759,0.075043094,0.087178964,0.084725158,0.106921342,0.125056384,0.082663264,0.086202771,0.05600655,0.087933697,0.090607007,0.10130033,0.046370338,0.067550062,0.0639269,0.245503894,0.451572841,0.269346571,0.423033523,0.364535319,0.208854788
01-06-2014,0.077397338,0.081345484,0.076824441,0.097143938,0.094467366,0.077726684,0.111293319,0.102225536,0.091396382,0.099282692,0.095117008,0.058708917,0.084047959,0.092987698,0.076616229,0.080601634,0.06557311,0.068087384,0.22802285,0.425361249,0.268818028,0.411378339,0.397282022,0.221323411
01-07-2014,0.073022096,0.1161632,0.07455456,0.09034522,0.094220076,0.078205137,0.096380504,0.099531143,0.109552777,0.089731577,0.089251803,0.059663698,0.092029057,0.086927972,0.119043894,0.07128692,0.080838474,0.080217838,0.273675576,0.438592871,0.280483683,0.296843648,0.33733281,0.240223863
01-08-2014,0.058146753,0.097161603,0.076208381,0.09324741,0.069598983,0.071170434,0.083444028,0.087268583,0.068503764,0.077347612,0.07697438,0.067165569,0.071242712,0.078317095,0.066799356,0.074308064,0.067744669,0.062244591,0.297587021,0.444670592,0.292930507,0.241316073,0.174989873,0.186306131
01-09-2014,0.099788532,0.082161387,0.073684745,0.089829578,0.079771125,0.069911696,0.084384429,0.086505869,0.077019176,0.075409609,0.072131916,0.0709296,0.076167025,0.076972215,0.127580891,0.07730232,0.082062372,0.071984514,0.157128378,0.378493589,0.281227087,0.277928452,0.212365652,0.107913914
01-10-2014,0.087404009,0.115081497,0.078052498,0.076971109,0.079629563,0.066083136,0.07772587,0.080034831,0.084233213,0.079096113,0.075455335,0.096991398,0.072520185,0.074891239,0.187074576,0.091572493,0.107849576,0.0978251,0.277992401,0.376708471,0.286013223,0.243676282,0.246543083,0.124330304
01-11-2014,0.077104078,0.106072021,0.071170712,0.063503354,0.072813597,0.06386434,0.064523566,0.068052471,0.066235777,0.072734207,0.066367924,0.102936621,0.063933415,0.064749658,0.126411381,0.069231207,0.103092617,0.106026757,0.148865572,0.343706319,0.276057637,0.23495803,0.276425718,0.135368197
01-12-2014,0.09941833,0.093572604,0.072333449,0.077871497,0.057246072,0.060563865,0.066812407,0.067992375,0.067527255,0.061211621,0.060469822,0.08439671,0.06263615,0.066130874,0.25002803,0.099388263,0.09237096,0.102565783,0.235773023,0.319563187,0.268933566,0.212014204,0.256757401,0.124511093
01-01-2015,0.061247373,0.073743697,0.055064516,0.069557717,0.05430695,0.056665667,0.060869183,0.066828859,0.054511913,0.055102928,0.055970131,0.063983556,0.052062325,0.056578914,0.108385226,0.056962619,0.074105147,0.076370825,0.200915206,0.326710088,0.271071479,0.200960332,0.293597511,0.140290417
01-02-2015,0.071100076,0.065648996,0.062896355,0.073620489,0.059289477,0.060466662,0.061169671,0.064674767,0.064422709,0.048787673,0.062327454,0.04931868,0.06379492,0.059873976,0.164046117,0.086508537,0.064521448,0.063177859,0.161332787,0.329304051,0.264460957,0.25154264,0.331035803,0.156284363
01-03-2015,0.051749538,0.061451463,0.058039541,0.071462093,0.052307816,0.05669503,0.061965748,0.063815111,0.061405904,0.049904106,0.064209871,0.04300725,0.056991029,0.056269865,0.094195514,0.051856536,0.053728872,0.052231937,0.172571073,0.306533215,0.255197274,0.266792599,0.364713543,0.176612182
01-04-2015,0.063136117,0.055389738,0.056008634,0.06586843,0.055896612,0.052266347,0.058884655,0.063099805,0.051032085,0.045722306,0.054167861,0.044138548,0.05587244,0.055224603,0.119482419,0.090408944,0.048324483,0.051772057,0.153721815,0.325419941,0.249620281,0.22233552,0.260347819,0.183351845
01-05-2015,0.07587626,0.075016895,0.08761378,0.061497825,0.09905704,0.075338742,0.091966183,0.06229939,0.104995949,0.059613042,0.077663365,0.059721245,0.079967091,0.07364888,0.10518433,0.05838996,0.071552303,0.068902176,0.232123752,0.297805494,0.256963314,0.232811076,0.150372652,0.142013948
01-06-2015,0.063737512,0.092934832,0.075778868,0.10124773,0.07324142,0.078204284,0.079597994,0.108139795,0.085871568,0.117060208,0.077592903,0.083926831,0.073996589,0.081136749,0.114618208,0.094395245,0.080418653,0.086011159,0.102696124,0.283520699,0.249279597,0.272902938,0.203786031,0.161025023
01-07-2015,0.054097747,0.096097202,0.072553989,0.076670744,0.075949909,0.070990462,0.075565769,0.076002484,0.084910842,0.069167936,0.067359203,0.086779178,0.071616307,0.069471236,0.173371626,0.063826936,0.08530977,0.082962586,0.21940494,0.323090314,0.24067084,0.24928904,0.165533285,0.174672065
01-08-2015,0.118406282,0.083445113,0.0720238,0.073969921,0.064834187,0.066537498,0.064986239,0.07107681,0.070563535,0.068796132,0.069931842,0.073859441,0.063066651,0.064929817,0.117186593,0.099810881,0.082911439,0.083043206,0.121170227,0.308592475,0.236876311,0.232711445,0.213455068,0.159310778
01-09-2015,0.053440891,0.082782693,0.060884287,0.064167863,0.059550413,0.059024909,0.060211027,0.067078811,0.060584117,0.058268057,0.060452815,0.064454999,0.05533692,0.057278996,0.149708133,0.058122991,0.074498475,0.07595564,0.236718563,0.295078687,0.235541324,0.22577573,0.198081269,0.177457692
01-10-2015,0.09041899,0.074449098,0.053717705,0.0683183,0.053643058,0.052882019,0.059842017,0.060188285,0.056653751,0.057424053,0.055580573,0.058967333,0.051020535,0.052827092,0.1065637,0.085695643,0.057391284,0.068793973,0.121035723,0.373454011,0.238549517,0.212610173,0.227326329,0.187237602
01-11-2015,0.071736794,0.071294775,0.085527999,0.090156549,0.07534631,0.099497749,0.091053881,0.093949673,0.133965451,0.096452175,0.112075081,0.095852992,0.087042535,0.108464206,0.121286714,0.064923778,0.103154419,0.087303355,0.261824896,0.325675622,0.236451676,0.26370958,0.185482654,0.181384618
01-12-2015,0.074375142,0.059787603,0.060589424,0.073682737,0.058132339,0.069322414,0.066026192,0.072327497,0.070907369,0.066202587,0.06949797,0.117540367,0.061656799,0.064074896,0.125258113,0.09057565,0.08076117,0.078163317,0.144516865,0.314658972,0.247183371,0.260910046,0.201375653,0.201469263
01-01-2016,0.091110976,0.051553593,0.057906879,0.067918076,0.05708779,0.066804217,0.06558306,0.07153042,0.065396898,0.059031576,0.063027581,0.083112755,0.063298621,0.059840015,0.209942392,0.056552929,0.064204978,0.065323462,0.270438878,0.30198415,0.244533943,0.227539653,0.239665558,0.222526317
01-02-2016,0.082772458,0.053824172,0.053717422,0.067369198,0.057528441,0.062055432,0.059957555,0.071577591,0.062120321,0.068050462,0.061606048,0.054809089,0.058850585,0.056999513,0.106617036,0.07322276,0.050342783,0.051064984,0.168374873,0.325174609,0.249061953,0.234346329,0.250967047,0.19157276
01-03-2016,0.062281517,0.052522074,0.053158388,0.066420427,0.055088481,0.060558577,0.060453501,0.070507386,0.063985765,0.060421398,0.062824859,0.039956163,0.057493879,0.057931743,0.245617213,0.050587222,0.0427649,0.044302656,0.310447938,0.383332462,0.257837578,0.238008529,0.282264249,0.208382246
01-04-2016,0.076465084,0.052422614,0.04890505,0.065198421,0.054174767,0.057831392,0.059496403,0.069233324,0.064731068,0.055118949,0.057910491,0.034043327,0.060169816,0.057277521,0.122903545,0.06036703,0.038547885,0.038289185,0.118130731,0.364474732,0.268758052,0.276714952,0.193968113,0.220739012
01-05-2016,0.086139888,0.070526876,0.073862783,0.082919489,0.081107154,0.075928143,0.086176615,0.085943442,0.073196745,0.099750711,0.080351469,0.046546944,0.094888563,0.082786003,0.172950155,0.059492238,0.067655012,0.066454597,0.279744629,0.415327482,0.267231345,0.27427081,0.247223659,0.162921434
01-06-2016,0.063890362,0.061364318,0.05593001,0.072750018,0.059185636,0.062938683,0.070566585,0.076023005,0.071748413,0.061816305,0.06463474,0.048811788,0.064732944,0.06284172,0.112281393,0.061655272,0.054099864,0.058727528,0.127617307,0.38964763,0.259280831,0.272957716,0.21755286,0.182617362
01-07-2016,0.065979473,0.051474226,0.057237564,0.073395356,0.060175805,0.060041919,0.068768058,0.072684323,0.072899401,0.058924432,0.062517355,0.036689502,0.066841279,0.060807229,0.257001597,0.056593701,0.054832823,0.046932165,0.227578436,0.332580547,0.248640202,0.249643725,0.228484757,0.198984708
01-08-2016,0.066486527,0.049360154,0.058232201,0.071100921,0.056341515,0.059677109,0.067727054,0.070934134,0.065987588,0.060365527,0.066768712,0.035971225,0.062191183,0.062869796,0.11467754,0.072013743,0.058909572,0.046035949,0.171151489,0.408959789,0.255403599,0.234401092,0.162798875,0.183489112
01-09-2016,0.053517124,0.057505759,0.050862906,0.066434745,0.060625263,0.053644865,0.060879853,0.066484043,0.056271512,0.055604502,0.058579231,0.04337814,0.056983581,0.055483918,0.227175224,0.050519395,0.057273726,0.041559835,0.183399593,0.386830862,0.254359669,0.265232281,0.20778924,0.207377428
01-10-2016,0.088349733,0.054260617,0.069732627,0.0602701,0.071921356,0.062189662,0.06504204,0.065065933,0.080859198,0.066480895,0.06825115,0.062585211,0.064233507,0.065968518,0.107331178,0.116472653,0.096623001,0.064809538,0.172561436,0.330517024,0.248614099,0.257662747,0.235403814,0.233872763
01-11-2016,0.05742819,0.071248979,0.05738804,0.050557703,0.063182581,0.048465127,0.052044314,0.052285906,0.053476482,0.051640848,0.054512508,0.080305899,0.054291863,0.051211679,0.16934843,0.045357743,0.090444065,0.078710049,0.160300565,0.314099034,0.241385729,0.215270135,0.249104653,0.257209803
01-12-2016,0.073007819,0.058740734,0.046472664,0.047647254,0.041657576,0.042863403,0.04400359,0.045619541,0.044369075,0.044128604,0.04429731,0.063919913,0.038965103,0.038114316,0.093291708,0.099599884,0.06963554,0.062488079,0.183380968,0.358183753,0.244272224,0.198355881,0.289439401,0.286005919
01-01-2017,0.057782674,0.061344716,0.04663251,0.046471397,0.045499115,0.044109884,0.041580522,0.045193369,0.044616801,0.037765132,0.043278101,0.051314545,0.041712784,0.038090794,0.121334739,0.042151732,0.054945851,0.050742521,0.214236194,0.32811164,0.24878216,0.219738644,0.322589922,0.307739282
01-02-2017,0.05544923,0.056144551,0.044555174,0.048635275,0.043791538,0.042799514,0.042129686,0.052168624,0.044198557,0.038868936,0.044936039,0.041325951,0.040912168,0.03897932,0.078216095,0.084936454,0.044240221,0.042884117,0.136535015,0.315785837,0.25482571,0.239369554,0.353894969,0.310595656
01-03-2017,0.05096171,0.052408224,0.048138432,0.047356825,0.045778111,0.040462708,0.044612923,0.048193032,0.04990989,0.043302303,0.045186073,0.036586769,0.042926618,0.041261847,0.099426729,0.039914568,0.044627405,0.043210734,0.247507637,0.292924884,0.254753479,0.223707863,0.39426962,0.314088755
01-04-2017,0.050286611,0.048245768,0.03882684,0.045944799,0.042723101,0.038933166,0.041060248,0.044824917,0.039524006,0.037521658,0.042039216,0.037573029,0.042359444,0.03845587,0.068063589,0.0906199,0.041384267,0.039948415,0.123249465,0.299267393,0.268226719,0.202325702,0.28725876,0.337013048
01-05-2017,0.042290251,0.046613499,0.039575482,0.043975018,0.044319264,0.037088061,0.042294538,0.047289658,0.039674718,0.038428985,0.040639899,0.034153148,0.042029141,0.036896513,0.076149886,0.037019101,0.037076692,0.037139412,0.244227798,0.316209182,0.264460683,0.216907139,0.267920294,0.302583982
01-06-2017,0.040810493,0.041500974,0.039050344,0.04312578,0.044655031,0.037446724,0.043650816,0.046689093,0.045261661,0.034395359,0.042948595,0.029062583,0.042823404,0.039172119,0.056014674,0.099330752,0.034691814,0.035421524,0.110363248,0.349974244,0.253958307,0.207423489,0.262606676,0.325492475
01-07-2017,0.042729259,0.039116872,0.039839162,0.04031782,0.043281085,0.03628823,0.040129966,0.044547132,0.038058328,0.038273496,0.041382856,0.02952867,0.040838661,0.039247459,0.065991263,0.034093927,0.035094325,0.034442159,0.215197763,0.352654565,0.245206852,0.328863986,0.225184023,0.303630629
01-08-2017,0.034857069,0.05329154,0.040116992,0.045507602,0.043417741,0.035606453,0.04812848,0.044455976,0.042536905,0.045189875,0.038782397,0.034725279,0.041471466,0.04229857,0.052144038,0.08401696,0.030592196,0.043995039,0.151418489,0.420755834,0.252965012,0.256601818,0.159015562,0.231377664
01-09-2017,0.045676492,0.058399718,0.037161411,0.049302912,0.056472645,0.037361418,0.047467105,0.051982009,0.045740288,0.04483759,0.047607317,0.048488256,0.049199605,0.041076613,0.062038584,0.03247226,0.034662743,0.048152988,0.17145152,0.367828315,0.252512568,0.250045126,0.206279496,0.18802158
01-10-2017,0.041731486,0.050308535,0.042453592,0.046753314,0.046131903,0.036882898,0.046072802,0.048477893,0.050524416,0.04358072,0.04419008,0.050324717,0.045423201,0.040685756,0.04543903,0.080846806,0.034724201,0.051382485,0.156989296,0.437509629,0.265433869,0.218935213,0.226662331,0.199988727
01-11-2017,0.069982867,0.07959477,0.046172012,0.042927839,0.068599587,0.039568408,0.049741961,0.045461601,0.051737998,0.05920697,0.049876701,0.069463734,0.054086919,0.045963199,0.093008045,0.038887347,0.050063241,0.074791501,0.130164492,0.388537943,0.266571342,0.266966078,0.156433954,0.198608203
01-12-2017,0.038067367,0.094278099,0.036104493,0.036517626,0.039111776,0.031017572,0.036089926,0.040025255,0.037399971,0.034321431,0.036682278,0.077681564,0.035720213,0.034417119,0.042669245,0.070107555,0.047910686,0.060173354,0.170302308,0.365002352,0.257517028,0.281824979,0.140445988,0.200911672
01-01-2018,0.094678252,0.106404051,0.056030108,0.058963693,0.079486204,0.054165272,0.06737601,0.056358787,0.077674453,0.052390635,0.073559651,0.081647672,0.067666045,0.062446213,0.100093369,0.043927003,0.064964262,0.074153037,0.146288285,0.375812816,0.259967583,0.243496029,0.174258866,0.226304546
01-02-2018,0.060311896,0.135484796,0.065639685,0.065040311,0.074890461,0.06524171,0.071472647,0.067372392,0.071844202,0.066809786,0.067754102,0.10026554,0.072921396,0.059567447,0.056989654,0.091721734,0.084236471,0.095595252,0.134750017,0.351259573,0.249782845,0.242674802,0.162196284,0.2415382
01-03-2018,0.102798647,0.128129753,0.074814486,0.068059319,0.083118936,0.075039945,0.076984033,0.081554042,0.101343652,0.085341232,0.076889869,0.096376409,0.073549512,0.065649074,0.124273283,0.045032725,0.097158517,0.098969822,0.18544637,0.350239868,0.245926028,0.220341645,0.190293061,0.266596976
01-04-2018,0.056408673,0.096603775,0.051340915,0.061185004,0.056827161,0.058761374,0.061383935,0.065771242,0.062954815,0.052606349,0.057755355,0.069666677,0.059161598,0.050070423,0.053167755,0.081466485,0.072072064,0.074027437,0.123333546,0.320804731,0.24727223,0.228431486,0.215034385,0.289777528
01-05-2018,0.065430315,0.078301262,0.049785737,0.062475758,0.057149403,0.057450259,0.062733327,0.06673769,0.06611512,0.058362266,0.058091846,0.0491627,0.065770981,0.051287345,0.087717933,0.039874811,0.055799869,0.057375734,0.187335589,0.311518587,0.249460963,0.232990337,0.090754667,0.285029552
01-06-2018,0.04810696,0.078230597,0.052051664,0.06325666,0.058992545,0.055413886,0.060523878,0.06592852,0.06047015,0.05513808,0.057894662,0.039908275,0.062298992,0.052627008,0.048424283,0.074364205,0.048318608,0.047316791,0.162998583,0.295372983,0.243869872,0.222710516,0.135578089,0.264041015
01-07-2018,0.071970645,0.073948985,0.05299188,0.061560064,0.064117388,0.055022874,0.057660591,0.062372894,0.066722914,0.055532098,0.061077854,0.037794699,0.064448545,0.051602235,0.084502078,0.043673012,0.05052176,0.055414411,0.165045393,0.303504001,0.243792279,0.217914833,0.111724845,0.278865576
01-08-2018,0.044208426,0.066285283,0.044025233,0.056875844,0.049341591,0.048817792,0.057267485,0.058587044,0.05189653,0.050515306,0.050704097,0.033150974,0.053473221,0.047011338,0.046076602,0.067076887,0.045282027,0.045445062,0.149781771,0.28659253,0.242163063,0.20214036,0.087010678,0.264862905
01-09-2018,0.081162289,0.058586556,0.051887028,0.055957919,0.054416028,0.049033211,0.058636101,0.059377334,0.061526214,0.050501006,0.053342615,0.037877341,0.05511045,0.049093605,0.085599482,0.052684347,0.046334318,0.048366472,0.183054818,0.295833636,0.237267719,0.211377443,0.099284371,0.234515676
01-10-2018,0.04268667,0.055452523,0.048276084,0.052693236,0.056096907,0.046462186,0.049848541,0.055073028,0.054481767,0.058645233,0.051836406,0.042573769,0.05479353,0.044210679,0.053916079,0.065570011,0.050030836,0.050648892,0.14721785,0.311383268,0.230798268,0.205109082,0.12658048,0.250741911
01-11-2018,0.070138476,0.048504889,0.050468986,0.047632168,0.052163788,0.046554178,0.049896517,0.050102667,0.05445578,0.047160475,0.051496058,0.039383545,0.050755257,0.047544056,0.074926204,0.047407406,0.059139909,0.045721083,0.197861673,0.293020385,0.224120569,0.249048263,0.154249655,0.249524101
01-12-2018,0.052919153,0.071691387,0.050906113,0.060851371,0.061799767,0.048071239,0.058089596,0.062454703,0.066387286,0.062917561,0.053725181,0.041889933,0.056152164,0.046466809,0.058882259,0.054833942,0.058667676,0.057656089,0.182198882,0.282186682,0.220133394,0.257372357,0.160997861,0.238416036
01-01-2019,0.049950447,0.068461641,0.041120701,0.052287762,0.045980929,0.046282395,0.05058262,0.056624657,0.047077662,0.043611388,0.047149166,0.039055458,0.047467135,0.041544712,0.059494582,0.041185198,0.053773583,0.046297874,0.204261785,0.294364492,0.217008967,0.219836521,0.193471188,0.249192631
01-02-2019,0.067568812,0.067975342,0.081718021,0.068842809,0.089380786,0.062010094,0.078188947,0.07300073,0.095368691,0.073418148,0.081828329,0.048745511,0.08141209,0.070335247,0.07246399,0.055713928,0.046551893,0.073166105,0.17434974,0.292822652,0.210554499,0.202627804,0.226708745,0.275934473
01-03-2019,0.051180224,0.071347638,0.057408975,0.068454408,0.057975014,0.061336608,0.062995584,0.067043435,0.069152054,0.063552857,0.062555492,0.059084418,0.062593715,0.055121047,0.061186605,0.041715199,0.048515078,0.063112893,0.180525894,0.331289883,0.205265865,0.194960586,0.267531544,0.298717513
01-04-2019,0.052901408,0.05916789,0.053919702,0.06422095,0.057871624,0.05520912,0.062622409,0.065103083,0.063346645,0.058758199,0.059906188,0.055077136,0.05995681,0.052628799,0.064038339,0.060035345,0.056532857,0.054942517,0.208777064,0.31390346,0.214248508,0.224003365,0.305102682,0.32333795
01-05-2019,0.043996829,0.050083655,0.049857671,0.06651323,0.053266027,0.050979242,0.063476541,0.063296729,0.062038064,0.0551103,0.056164077,0.048031828,0.057298631,0.04697574,0.055676419,0.036444352,0.061744567,0.045113266,0.203162819,0.409213325,0.221895772,0.265666058,0.173904623,0.21574899
01-06-2019,0.045621142,0.044346849,0.048408014,0.064402464,0.052512554,0.049914643,0.059164299,0.062189883,0.05871055,0.05275595,0.05484058,0.038328831,0.058598904,0.046647134,0.052349755,0.056790878,0.054346924,0.037150859,0.18866348,0.356698116,0.220940991,0.372654525,0.229517185,0.225086818
01-07-2019,0.041712325,0.045798274,0.047251636,0.06365014,0.051886111,0.049192906,0.060482056,0.061767036,0.061042157,0.052932241,0.054605491,0.037742638,0.060213995,0.048524986,0.046201717,0.034578129,0.045918428,0.031900161,0.177770243,0.329009781,0.217604823,0.293280553,0.218745134,0.244842892
01-08-2019,0.041563518,0.044213984,0.049510896,0.063882326,0.05385,0.048434571,0.057822199,0.06046468,0.066899384,0.050243096,0.059088996,0.036376532,0.057657328,0.049445574,0.056591791,0.055972663,0.071372607,0.037886734,0.21712554,0.349494399,0.219358041,0.247302192,0.156412514,0.238433958
01-09-2019,0.036011209,0.039861516,0.042988872,0.060984272,0.052978664,0.044134746,0.057172904,0.058959004,0.051513039,0.047630082,0.052953457,0.029934628,0.056434598,0.043912243,0.041517313,0.031756542,0.077600075,0.034785098,0.162739049,0.350087379,0.222488026,0.257376881,0.191642657,0.259977223
01-10-2019,0.055480426,0.058216698,0.053176321,0.072109134,0.062462174,0.054835499,0.063427799,0.064490746,0.077918905,0.053291381,0.077289592,0.037163865,0.0707797,0.057433132,0.060366076,0.061967448,0.059348957,0.050041294,0.196500967,0.312089409,0.215941407,0.222085958,0.167795241,0.285174931
01-11-2019,0.059249255,0.060468749,0.06350359,0.065447448,0.072384969,0.056168743,0.063959256,0.062466265,0.075575901,0.051844745,0.066973579,0.05893939,0.067594125,0.054188396,0.053523243,0.033418313,0.083525155,0.059554243,0.168931026,0.3049439,0.21729443,0.208750501,0.166916082,0.221117069
01-12-2019,0.070975024,0.058633196,0.061950495,0.074814037,0.060552094,0.072051835,0.063336689,0.065595012,0.063253298,0.059825158,0.057889941,0.077956951,0.069735597,0.059475394,0.074296823,0.058439612,0.092508235,0.065281041,0.217939056,0.326614787,0.211749432,0.195900537,0.158294442,0.200326203
01-01-2020,0.071168146,0.073272501,0.056235643,0.078725326,0.083542843,0.066206509,0.084348518,0.078049711,0.067926563,0.077571138,0.0732826,0.084478709,0.074509836,0.058384757,0.062151159,0.036557968,0.097120034,0.071970743,0.217968722,0.349278558,0.220196264,0.189377993,0.193530231,0.222651427
01-02-2020,0.060851917,0.060768729,0.05316206,0.072312415,0.059240767,0.061091882,0.065381359,0.067928758,0.068177091,0.059657917,0.060777528,0.067440953,0.064370057,0.056447288,0.062950524,0.048985142,0.098022536,0.061114678,0.191836405,0.313367718,0.215530535,0.211483928,0.195230759,0.240977043
01-03-2020,0.074042598,0.069817829,0.057526116,0.070913153,0.068878851,0.062658259,0.06753328,0.067683374,0.074660984,0.069546763,0.067242789,0.062625385,0.068433043,0.059641816,0.065742456,0.049483926,0.092661152,0.066812434,0.208106092,0.295122419,0.212995628,0.197505534,0.199025945,0.254050283
01-04-2020,0.080948905,0.096661236,0.060535225,0.063256144,0.066268438,0.06049321,0.065244089,0.061763222,0.058134773,0.064038702,0.067483823,0.084472869,0.067204439,0.056897685,0.078063757,0.051564211,0.098370828,0.088974573,0.194975321,0.32670872,0.226148382,0.198658123,0.233943025,0.277902175
01-05-2020,0.066096203,0.105347189,0.057107635,0.056494637,0.051230435,0.053349811,0.055371267,0.054682533,0.130782587,0.101925842,0.065109515,0.093095143,0.050612124,0.045024743,0.061293566,0.053651988,0.073760793,0.089602195,0.209812183,0.627583399,0.220356689,0.238017882,0.259223143,0.284387135
01-06-2020,0.055687209,0.088251942,0.052343664,0.069477531,0.058498218,0.053120529,0.064518997,0.054704718,0.081595104,0.059131802,0.052279116,0.071416731,0.066264339,0.049573249,0.066181602,0.052903879,0.075280751,0.078314834,0.228607005,0.546133278,0.224529548,0.372213556,0.303319825,0.308379465
01-07-2020,0.054301065,0.074728003,0.045764985,0.060598018,0.052859676,0.050902479,0.053767808,0.055504628,0.04272137,0.05535333,0.051783393,0.051416424,0.056124897,0.045134645,0.055314124,0.045736119,0.064032456,0.063677466,0.226660493,0.464269686,0.225342113,0.337893275,0.201179613,0.327215051
01-08-2020,0.06622203,0.067974672,0.050501474,0.060453972,0.053680535,0.050287532,0.054007645,0.055977577,0.047656587,0.053168218,0.053055665,0.048952328,0.055793066,0.050853211,0.067440282,0.045091289,0.058902159,0.068535395,0.295620519,0.367465846,0.233932868,0.326821013,0.142581749,0.20045735
01-09-2020,0.042797107,0.065322861,0.048604679,0.060751827,0.049277313,0.058802508,0.05500248,0.06007964,0.046815483,0.051190151,0.057852955,0.051097835,0.058654319,0.041607498,0.049270482,0.043739829,0.051285076,0.066020784,0.155719407,0.393174713,0.234276096,0.309787317,0.16977816,0.157680073
01-10-2020,0.049429546,0.056063773,0.050401154,0.058756419,0.061037177,0.05552991,0.057157762,0.058829815,0.04366224,0.047801042,0.054810817,0.043160414,0.056676616,0.042495441,0.053887224,0.045903012,0.047702798,0.069149221,0.246399335,0.346865409,0.235041089,0.312026691,0.133884101,0.150326746
01-11-2020,0.059156791,0.07125684,0.044106579,0.07043965,0.052204685,0.057154692,0.077710162,0.0703725,0.082957762,0.049795088,0.064061128,0.037432153,0.056095219,0.070017473,0.078054697,0.067742921,0.066104474,0.067050401,0.190280388,0.393216737,0.230132679,0.288323397,0.118080606,0.166564638
01-12-2020,0.057470783,0.073987156,0.075804324,0.070870098,0.076887686,0.070707005,0.069332827,0.071431655,0.075490209,0.067536639,0.069654816,0.052557662,0.064708259,0.054213379,0.053359434,0.051271785,0.065277826,0.074105955,0.227472311,0.385809535,0.23741679,0.240829077,0.155680837,0.190789906
01-01-2021,0.054829588,0.061857135,0.049612184,0.068341121,0.058302498,0.058251261,0.067177144,0.068605501,0.057810309,0.053962555,0.060406752,0.054539773,0.055674501,0.054529231,0.063105418,0.070927501,0.056121588,0.057459826,0.220621552,0.360250658,0.244868426,0.216960921,0.179556645,0.212900546
01-02-2021,0.052611138,0.06399629,0.060107922,0.076087375,0.075488251,0.07778848,0.075641241,0.072247491,0.072095385,0.059723532,0.068560717,0.053412316,0.076432445,0.061796638,0.051740471,0.044914007,0.053626633,0.060197636,0.187331486,0.314804311,0.235994899,0.230371641,0.219829515,0.227567742
01-03-2021,0.063979021,0.073519059,0.065509737,0.082317817,0.074236543,0.073976659,0.079968573,0.085017226,0.077179508,0.084063331,0.08089572,0.071009568,0.075761195,0.06774448,0.066704576,0.078733797,0.070294305,0.069668523,0.240207109,0.359141629,0.236217202,0.210282811,0.250383981,0.253123656
01-04-2021,0.076557407,0.084742665,0.097118968,0.095038875,0.093447525,0.089311096,0.094222905,0.099965654,0.121177901,0.108680033,0.098714669,0.097758111,0.103567796,0.083825332,0.077243874,0.052610909,0.089711716,0.097902058,0.16126171,0.374193346,0.229217187,0.20047698,0.282976545,0.263056954
01-05-2021,0.148494303,0.121882264,0.096511124,0.142838865,0.149638428,0.144965494,0.122064734,0.103257125,0.175734812,0.153908662,0.153299867,0.180667219,0.139024285,0.128449432,0.135474462,0.168420038,0.168887226,0.146443679,0.281342433,0.328785405,0.237173492,0.27892196,0.249501096,0.249971059
01-06-2021,0.07588485,0.107315124,0.122627719,0.120562389,0.100637121,0.12108524,0.128410164,0.133008425,0.098858352,0.086988229,0.105527054,0.188993246,0.120680443,0.103883821,0.075933251,0.047526241,0.13055756,0.150700711,0.181281381,0.333501628,0.237409261,0.257617305,0.234773072,0.276472785
01-07-2021,0.096436648,0.085503625,0.086519803,0.109879274,0.083328304,0.107845977,0.100687319,0.10668314,0.128770394,0.101884167,0.100252906,0.122443482,0.102590634,0.087565246,0.103154522,0.177633538,0.101074219,0.130938123,0.244002089,0.393524267,0.237591782,0.246041394,0.197730581,0.229060063
01-08-2021,0.111880578,0.123411875,0.136484055,0.136375477,0.143699376,0.136525544,0.126345357,0.133798257,0.14038384,0.188268012,0.129084503,0.111208469,0.137526457,0.105598991,0.093690499,0.048411442,0.108990651,0.137959568,0.190744891,0.3346856,0.23662999,0.243512057,0.183536672,0.253493909
01-09-2021,0.098069085,0.10885922,0.112511348,0.130606074,0.089677616,0.140681359,0.119062089,0.11895108,0.161044581,0.111378516,0.134890638,0.115425365,0.120659286,0.107047457,0.111746064,0.246394532,0.104026577,0.116671677,0.268673283,0.357826751,0.243607221,0.257307623,0.216401771,0.251413461
01-10-2021,0.141491142,0.156226321,0.135391844,0.117161236,0.13520777,0.140172246,0.121891994,0.11551784,0.132846346,0.136140611,0.124534363,0.130304442,0.129340568,0.108368063,0.13012757,0.071012121,0.153242728,0.144517267,0.196760125,0.355803007,0.247641327,0.262926745,0.228328276,0.271489231
01-11-2021,0.212627496,0.217795625,0.151382905,0.093431216,0.109951141,0.125229359,0.09921154,0.086017278,0.20328763,0.120903959,0.133133949,0.228642423,0.105794393,0.10687462,0.198356245,0.195131129,0.257244219,0.227737115,0.263942096,0.438372661,0.26677055,0.248555367,0.160889099,0.235906818
01-12-2021,0.113324501,0.199092406,0.100416824,0.081135283,0.10759283,0.118307161,0.093731442,0.094534578,0.076987855,0.093909227,0.091515117,0.231328548,0.091713215,0.083943886,0.128089471,0.066015668,0.176207763,0.174027536,0.155539749,0.371148421,0.26064743,0.3718904,0.14211751,0.191009085
01-01-2022,0.131617804,0.156223552,0.096368827,0.079274523,0.079973228,0.112152957,0.090516948,0.097068604,0.105166866,0.093859042,0.091962017,0.14001817,0.087510402,0.075513995,0.163289596,0.163942569,0.173187716,0.130695345,0.218318418,0.343836908,0.264246163,0.282244777,0.185680222,0.214657052
01-02-2022,0.077788933,0.115373734,0.09164535,0.075645644,0.073649632,0.100095319,0.075904081,0.085273769,0.084394399,0.079031465,0.078350385,0.085401488,0.081065646,0.067001563,0.105792499,0.058012371,0.12812451,0.09588955,0.176158913,0.381174047,0.264243271,0.234252164,0.22022587,0.239534559
01-03-2022,0.108553541,0.098412271,0.112603341,0.086787514,0.094409132,0.110239879,0.092145878,0.096919312,0.107291937,0.096553987,0.090559274,0.068063165,0.092568123,0.085733371,0.134479156,0.155030559,0.124852444,0.087294273,0.236641654,0.330211781,0.254619916,0.237684973,0.255908928,0.261693965
01-04-2022,0.075846507,0.104897111,0.109999193,0.095646744,0.103302436,0.126145512,0.094568969,0.106608679,0.107101056,0.101135132,0.108032341,0.074136379,0.10000369,0.084314432,0.105803885,0.05621375,0.118864991,0.089699719,0.12920282,0.337357814,0.271479394,0.229589319,0.289249186,0.280677264
01-05-2022,0.078016172,0.082933578,0.089185406,0.087238996,0.078674988,0.106098395,0.087788951,0.095882403,0.093674463,0.091663178,0.085448042,0.062685247,0.090149807,0.073297779,0.102980013,0.12837815,0.086648246,0.069974766,0.253774761,0.362658031,0.287269435,0.25906092,0.195123534,0.308146721
01-06-2022,0.075362769,0.089155527,0.099481672,0.08488791,0.09072013,0.104565482,0.0907032,0.095580348,0.101502668,0.105972453,0.094970034,0.054811674,0.092881899,0.075149045,0.147955693,0.052221853,0.097023288,0.07248209,0.162135287,0.437996541,0.280201333,0.234114913,0.242940277,0.182916726
01-07-2022,0.073771349,0.082185983,0.087364804,0.084092486,0.075379793,0.091105964,0.076162831,0.085354413,0.093653573,0.070070144,0.079326426,0.06421288,0.081320615,0.072183334,0.091343991,0.166207895,0.079515694,0.071032443,0.204176881,0.411920876,0.279023089,0.231105013,0.230724653,0.20624067
01-08-2022,0.058900782,0.076500191,0.089918132,0.076300563,0.070588097,0.092168301,0.072659979,0.078355157,0.083752063,0.072481426,0.076563273,0.079666705,0.077550948,0.071438078,0.132269979,0.048681388,0.084909503,0.072210999,0.199804429,0.387443923,0.270994715,0.209203561,0.20394329,0.225244376
01-09-2022,0.067452571,0.064916258,0.071697438,0.070416791,0.070400733,0.076050454,0.065523912,0.072654514,0.062562961,0.062981453,0.068227702,0.068018816,0.067143584,0.05665338,0.106155673,0.148147394,0.072314108,0.066187973,0.162348949,0.388081304,0.264914556,0.257123647,0.151856086,0.205462611
01-10-2022,0.123959196,0.097753459,0.112256384,0.06449288,0.094136508,0.090926637,0.075221417,0.071754205,0.082883432,0.091561007,0.084597995,0.10468059,0.083740184,0.080596088,0.178894563,0.073137141,0.1267624,0.13769642,0.245032939,0.401900082,0.257541543,0.217536268,0.193590768,0.193761862
01-11-2022,0.070950787,0.07779639,0.067782579,0.046955717,0.048890715,0.06798929,0.047235327,0.053184083,0.053008583,0.046383163,0.055358642,0.127103657,0.049836059,0.04770301,0.107220757,0.158435692,0.105546989,0.103971449,0.15241323,0.363867452,0.250242897,0.208839988,0.216940319,0.211949903
01-12-2022,0.197699608,0.089536177,0.121645926,0.072274003,0.110708659,0.107153832,0.081510124,0.087134456,0.120551464,0.092295397,0.086385065,0.11509906,0.087473912,0.082643447,0.196617281,0.071264189,0.115057904,0.11370248,0.252266903,0.406250426,0.258880128,0.200418702,0.24655574,0.238457494
01-01-2023,0.058834236,0.075541084,0.072898513,0.055391991,0.05794706,0.076517263,0.054447845,0.064230553,0.057905263,0.052005004,0.057778755,0.086337768,0.057282044,0.049578415,0.102500698,0.136680257,0.085291418,0.08204643,0.146703863,0.358627163,0.255957683,0.248361657,0.280314976,0.252287626
01-02-2023,0.10043576,0.062365547,0.068319139,0.059362489,0.057619822,0.072907586,0.055534085,0.064410305,0.059478048,0.057018468,0.059050913,0.057544293,0.056753896,0.049056743,0.140043342,0.069937077,0.066321012,0.06196624,0.194455038,0.322308874,0.247056881,0.290863883,0.256589123,0.264374822
01-03-2023,0.051684571,0.053608983,0.068905601,0.058470151,0.058539891,0.07205822,0.056157334,0.063498729,0.06214867,0.056385236,0.059631179,0.047298403,0.059009263,0.051050295,0.089758528,0.124772104,0.05700089,0.049354911,0.197944221,0.367657543,0.250648552,0.270847094,0.310095734,0.29355496
01-04-2023,0.071572989,0.053069946,0.068143638,0.056011776,0.05778711,0.067795603,0.056160021,0.061042641,0.05910121,0.054834076,0.059211115,0.041717668,0.056985658,0.052596746,0.114509543,0.061281483,0.055790301,0.049149821,0.179746958,0.345746188,0.25956626,0.237213854,0.347728313,0.241873206
01-05-2023,0.047052077,0.050225039,0.05983026,0.055615456,0.052414779,0.064499506,0.053001223,0.057365262,0.059702417,0.047426425,0.056462773,0.035697946,0.053408578,0.045075094,0.102286892,0.103990647,0.045721889,0.039778928,0.22004076,0.328883894,0.259171652,0.236175687,0.32863074,0.262842689
01-06-2023,0.049567461,0.053622143,0.061392291,0.055290529,0.059683855,0.061832248,0.054280016,0.058140618,0.058828996,0.052960449,0.056768327,0.031005254,0.05503924,0.049172222,0.104140574,0.057438387,0.03969827,0.0398406,0.177945762,0.401823825,0.248950918,0.225563303,0.317277447,0.28404566
01-07-2023,0.042000882,0.047508526,0.058247393,0.053453324,0.04962985,0.061355601,0.050410024,0.054364258,0.058381394,0.041978779,0.051951943,0.037165461,0.054136949,0.044073354,0.088000377,0.100886386,0.043159237,0.043190058,0.249278525,0.351017035,0.246824802,0.224189027,0.285838193,0.186916021
01-08-2023,0.04841247,0.042898244,0.055583047,0.051521047,0.052265621,0.055127023,0.050263234,0.054034897,0.056940948,0.043439861,0.052622254,0.04612998,0.052971081,0.046851566,0.08006331,0.054013956,0.055147086,0.039914955,0.210243194,0.410912576,0.256753055,0.206427464,0.190375585,0.210728556
01-09-2023,0.039798328,0.037878626,0.050172333,0.048978818,0.046850308,0.05281285,0.046875954,0.051384952,0.045276214,0.042991169,0.046955747,0.042308198,0.04718411,0.039355972,0.068941054,0.082483389,0.045248879,0.035916431,0.185816634,0.345366464,0.259255136,0.270414853,0.241252919,0.237614417
01-10-2023,0.060216174,0.038963971,0.065658489,0.046916907,0.04932076,0.0574868,0.04966363,0.052502778,0.056820798,0.042994195,0.054998659,0.042883233,0.052036712,0.042923868,0.07504978,0.054049448,0.051143898,0.046981235,0.246961904,0.350124099,0.252370108,0.229130793,0.273138535,0.258059643
01-11-2023,0.042537209,0.047487491,0.050548463,0.040304422,0.056458273,0.04529496,0.044039881,0.043477018,0.046362801,0.04721598,0.042794188,0.052830431,0.043126434,0.04260706,0.079112076,0.081229663,0.052087247,0.061575931,0.177194374,0.31322173,0.256249072,0.220906502,0.277313107,0.186592218
01-12-2023,0.101283911,0.078912917,0.080950048,0.054416532,0.069784308,0.073205481,0.059919719,0.059217215,0.067918913,0.052140633,0.075898768,0.073094848,0.067351779,0.056054897,0.074221738,0.056420754,0.0753307,0.078429436,0.264653122,0.314925722,0.273622501,0.216567042,0.322585959,0.195284762
01-01-2024,0.043937198,0.072065762,0.059060143,0.047003486,0.052594874,0.05788386,0.046931153,0.04914624,0.051193225,0.042647908,0.0535752,0.072964636,0.053887707,0.045312293,0.089229361,0.082188369,0.069027424,0.071040784,0.207896371,0.367540103,0.270145127,0.228528985,0.258429461,0.204391002
01-02-2024,0.081004851,0.071238031,0.061792893,0.044864558,0.051880966,0.059203185,0.043925908,0.047658076,0.060302306,0.039651693,0.047661767,0.064022442,0.048576201,0.041945889,0.067860485,0.060856844,0.07204373,0.05947035,0.286365882,0.425535627,0.262073294,0.233868594,0.304046355,0.226740321
01-03-2024,0.04789251,0.063927668,0.051994129,0.039445935,0.044975,0.047064122,0.040701635,0.042364292,0.040676349,0.045166326,0.050591197,0.057429627,0.045633952,0.036776844,0.077348769,0.067391136,0.064246833,0.06082579,0.181064704,0.391576502,0.272740352,0.237830985,0.332107128,0.244158584
01-04-2024,0.061081076,0.053611711,0.050545794,0.042740875,0.043159065,0.048852128,0.040620922,0.04271362,0.049064941,0.042781596,0.047050691,0.047810334,0.050397207,0.036721357,0.061479746,0.0556356,0.060334117,0.048344745,0.260597584,0.410137579,0.26702708,0.245296606,0.267396528,0.271921
01-05-2024,0.044605254,0.050609461,0.056850904,0.044573571,0.051495585,0.04693706,0.044977217,0.045740966,0.05683303,0.034084567,0.050774197,0.041595956,0.047600725,0.036154873,0.069054563,0.060442556,0.054058984,0.063182425,0.203914388,0.501551427,0.267704815,0.232823613,0.325457978,0.247178548
01-06-2024,0.049536148,0.043799492,0.049008328,0.044680372,0.043869565,0.045465742,0.042901368,0.044613972,0.045642075,0.034057578,0.04615222,0.036243812,0.044640851,0.036464662,0.052804245,0.048454635,0.046605169,0.049247975,0.248894773,0.403173408,0.260753502,0.233398615,0.362930534,0.18716669
01-07-2024,0.039545536,0.04248497,0.049937667,0.044689202,0.045612209,0.044662447,0.0446354,0.045014813,0.054663685,0.034692189,0.046973636,0.037238399,0.04587364,0.037190854,0.05939219,0.052401292,0.048124881,0.045958583,0.226075089,0.491272729,0.272306269,0.219415134,0.235619008,0.206627851
01-08-2024,0.049476161,0.039910205,0.052889527,0.041929633,0.045542335,0.042314377,0.039781094,0.044513079,0.047476764,0.032968331,0.04674012,0.040358076,0.047687748,0.038502401,0.053138965,0.049997804,0.05192732,0.045215167,0.296629469,0.385598123,0.268629824,0.226004369,0.194477652,0.191576716
01-09-2024,0.039101012,0.043192641,0.047051911,0.039077925,0.047487018,0.043493167,0.037995654,0.04158265,0.04515864,0.036120447,0.045990175,0.041117281,0.0404692,0.038450436,0.059332201,0.053192197,0.053859268,0.053576085,0.227208079,0.403114216,0.257024276,0.27411917,0.206754208,0.179923643
01-10-2024,0.053440432,0.057918919,0.052792366,0.043742544,0.05946654,0.045782565,0.037534053,0.045902538,0.049392628,0.049452986,0.054304184,0.0574783,0.050613089,0.046830599,0.057108837,0.044625681,0.062474747,0.056883517,0.242113346,0.45540314,0.255131754,0.271562682,0.236643104,0.166460051
