Price Date,Odisha_Brinjal_Balasore,Odisha_Brinjal_Bargarh,Odisha_Brinjal_Dhenkanal,Odisha_Brinjal_Ganjam,Odisha_Brinjal_Kalahandi,Odisha_Brinjal_Nayagarh,MadhyaPradesh_Soyabean_Ashoknagar,MadhyaPradesh_Soyabean_Chhindwara,MadhyaPradesh_Soyabean_Dewas,MadhyaPradesh_Soyabean_Guna,MadhyaPradesh_Soyabean_Harda,MadhyaPradesh_Soyabean_Indore,MadhyaPradesh_Soyabean_Khandwa,MadhyaPradesh_Soyabean_Khargone,MadhyaPradesh_Soyabean_Mandsaur,MadhyaPradesh_Soyabean_Raisen,MadhyaPradesh_Soyabean_Rajgarh,MadhyaPradesh_Soyabean_Sagar,MadhyaPradesh_Soyabean_Sehore,MadhyaPradesh_Soyabean_Shajapur,MadhyaPradesh_Soyabean_Shivpuri,MadhyaPradesh_Soyabean_Tikamgarh,MadhyaPradesh_Soyabean_Ujjain,MadhyaPradesh_Soyabean_Vidisha,Odisha_Rice_Balasore
01-02-2012,1101.388889,801.5804598,1081.034483,1263.563218,1950,1491.37931,2034.322464,2277.75641,2302.404861,2360.510345,2187.621212,2369.796667,2331.272727,2345.039683,2301.666667,2143.490123,2383.252976,2244.717816,2277.773214,2347.780467,2359.0625,2341.727273,2405.229333,2326.340972,1101.388889
01-03-2012,805.2631579,667.2043011,1359.677419,1029.946237,1798.4375,1282.258065,2071.458333,2515.565476,2577.627381,2613.342,2430.808333,2631.516026,2394.071429,2519.727273,2602.046667,2369.695062,2627.764744,2510.559524,2597.793333,2615.907483,2649.052632,2609.368421,2672.395238,2588.763333,805.2631579
01-04-2012,1165.625,936.5277778,1676.111111,1199.137931,1522.222222,714,2616.04902,3073.325,3010.03125,2890.928333,2936.916667,2827.525,3040.735294,2989.227273,3034.685185,2843.552632,2999.655797,2874.964286,3133.3125,3003.863053,3005.2,3001.217391,3069.92019,2950.900926,1165.625
01-05-2012,1330.952381,792.0698925,1248.924731,1286.6,1685.714286,1199.193548,2883.746914,3257.321429,3252.737179,3294.142778,3130.846154,3224.107143,3213.12,3073.190972,3229.33908,3025.425926,3295.155376,3162.290323,3220.941358,3324.060357,3294.413043,3217.578947,3298.72127,3264.166667,1330.952381
01-06-2012,2002.222222,1307.5,2491.111111,2148.666667,2329.166667,2063.333333,2934.75641,3281.482759,3353.978,3362.657471,3226.942308,3298.54321,3389.636364,3222.366071,3302.122222,2970.554762,3323.957222,3158.086111,3304.495679,3341.849918,3318.801282,3203.611111,3407.175123,3296.142308,2002.222222
01-07-2012,1647.5,1575.403226,2224.193548,1570.833333,2500,2423.387097,3780.019231,4202.925926,4011.61369,4153.677778,4137.031746,4099.913462,4174.956522,4044.4375,4013.641975,3975.089333,4185.022581,3954.631183,4239.785897,4218.068966,4034.120833,4085.833333,4238.652778,4131.267949,1647.5
01-08-2012,2313.72549,1772.983871,2494.666667,2218.518519,2350,2375.925926,4085.166667,4341.947368,4149.589103,4219.619048,4195.316667,4058.652174,3916.65625,3990.318182,4303.557971,3969.333333,4184.359259,4094.981481,4222.166667,4219.584615,3982.666667,4012.047619,4284.341026,4131.724242,2313.72549
01-09-2012,1988.888889,915.5555556,1937.222222,1723.125,2170.833333,1665.833333,3548.875,3692.866667,3758.181944,3827.6,3564.825758,3639.436667,2987.047619,3342.48,3893.426667,3387.373333,3720.370238,3793.352564,3686.296667,3395.948968,4097.5,4286.142857,3790.759249,3661.394231,1988.888889
01-10-2012,1711.111111,884.1397849,1717.777778,1825.2,1905,1258.064516,2759.633333,2887.623457,2883.217308,2975.859195,2901.952381,2949.523333,2921.972222,2818.248276,2953.280864,2888.768452,2925.836667,2922.532051,2985.902857,2978.327779,2961.85,3010.176471,2956.893915,2894.660256,1711.111111
01-11-2012,1875,867.9166667,2021.111111,1845.47619,1807.575758,1390.833333,3066.685714,3041.833333,3119.985507,3125.688889,3106.772727,3112.898551,3006.04,3098.421154,3125.984848,3080.13141,3132.38913,2877.979167,3133.485606,3137.208516,3085.82281,3094.315789,3160.874638,3003.793478,1875
01-12-2012,1410.526316,700.4032258,1617.204301,1810.526316,1750,1323.387097,3076.457639,2971.111111,3089.185256,3102.721505,3036.608696,3119.853333,3073.520833,3085.462644,3109.756944,3033.201149,3124.87,3073.565556,3099.036806,3124.331528,3124.911728,3088.958333,3172.054023,3010.996528,1410.526316
01-01-2013,964.2857143,627.5537634,1476.88172,1544.197531,1273.809524,1304.032258,3059.454667,3007.480769,3139.54,3091.908621,3053.013889,3066.089506,3096.032051,3087.951282,3139.963768,3051.706897,3120.044048,3021.998889,3102.285256,3108.273098,3099.924,3077.238095,3170.219643,3038.052778,964.2857143
01-02-2013,1400,775.7440476,1191.666667,1541.049383,1226.315789,1359.821429,3132.652778,3056.425,3125.887333,3089.937333,3059.789855,3115.202899,3133.731884,3104.4375,3191.326087,3077.153846,3173.239286,3077.422024,3163.013194,3146.17602,3133.45625,2974.681818,3198.596296,3101.717391,1400
01-03-2013,1122.115385,826.1290323,1043.010753,1288.722222,1290.47619,1208.064516,3056.48913,3216.88,3258.215942,3300.907051,3269.214286,3163.829861,3308.541667,3278.95,3213.869565,3242.743056,3279.121739,3223.718391,3333.466026,3253.1911,3352.181944,3316.521739,3369.546667,3263.465972,1122.115385
01-04-2013,1588.888889,812.6388889,1464.444444,1347.857143,1298.717949,1010,2847.378788,3672.166667,3517.079365,3670.460345,3736.939394,3214.033333,3799.385965,3782.932099,3638.09058,3640.043478,3686.638889,3587.116111,3730.588889,3783.50977,3751.772,3730.678571,3757.796925,3671.914,1588.888889
01-05-2013,1668.154762,1015.456989,2132.795699,1730.677419,1389.08046,1609.677419,2728.344444,3630.461538,3639.872917,3706.714444,3706.014493,3656.259259,3733.166667,3574.08046,3707.395833,3600.98,3613.294444,3616.538333,3689.723333,3767.954378,3704.600575,3707.896552,3817.316026,3686.79,1668.154762
01-06-2013,2944.117647,1213.75,2290.555556,1879.888889,1402.840909,2184.166667,2890.522727,3593.291667,3575.238194,3613.177778,3618.034722,3545.766667,3622.02381,3506.117816,3637.266667,3601.632184,3618.330556,3613.325758,3619.001852,3653.084087,3592.186,3555.018519,3668.184444,3554.326,2944.117647
01-07-2013,3175,1253.225806,2569.354839,2520.483871,2038.333333,2740.322581,3178.941667,3088.071429,3330.176282,3234.163333,3272.806667,3303.466049,3371.041667,3325.322778,3338.955357,3338.237179,3370.762821,3312.862319,3370.616667,3359.739286,3359.758,3279.833333,3422.563333,3261.67963,3175
01-08-2013,3861.607143,1517.069892,2753.225806,2680,2928.87931,2401.612903,3131,3176.8,3316.623188,3120.923611,3296.649123,3338.537879,3348.490741,3263.318841,3317.965278,3266.931818,3299.810606,3255.9375,3318.973485,3306.442687,3024.030303,3099.107143,3374.323192,3210.809091,3861.607143
01-09-2013,2204.444444,1100.111111,1807.5,1833.666667,2851.339286,1437.068966,3063.888889,3255.020833,3280.344203,3094.985556,3213.297101,3277.076389,3200.594203,3186.629885,3225.53125,3246.020833,3273.212644,3270,3274.85,3245.997024,3143.526667,3194.32,3329.554105,3195.341333,2204.444444
01-10-2013,1781.481481,1348.252688,2676.612903,2599.032258,2944.722222,2000.806452,2886.724359,3025.6,3276.721154,3079.833333,3061.460317,3256.680556,3085.173333,3092.542529,3137.181818,3222.166667,3152.142857,3086.333333,3250.142029,3314.638633,2822.52037,3107.5,3395.695326,3159.676667,1781.481481
01-11-2013,2500,2014.166667,2931.388889,3544.736842,3566.071429,3340,3182.065217,3532.473684,3738.458333,3485.764583,3338.316667,3604.357143,3574.861111,3548.043478,3492.941176,3509.05,3451.745098,3038.447368,3567.079167,3617.589286,3236.854067,3353.157895,3673.948551,3377.347222,2500
01-12-2013,2188.392857,977.2849462,2248.387097,1233.333333,2941.071429,2207.692308,3324.789855,3293.888889,3582.928472,3370.901235,3377.195652,3680.479167,3550.547619,3571.666667,3474.270833,3498.770833,3503.034722,3537.75,3715.69697,3606.405238,3373.578846,3300.44,3660.355556,3342.847222,2188.392857
01-01-2014,1970.512821,791.5322581,1621.505376,1383.333333,2057.291667,1738.709677,3310.461538,3166.544872,3518.348246,3379.705556,3451.25,3510.032051,3469.198718,3521.111905,3469.805556,3426.019231,3413.663043,3347.538462,3686.156667,3603.897947,3144.628663,3279,3629.876667,3317.204861,1970.512821
01-02-2014,1559.090909,877.8571429,1739.880952,2144.444444,1941.666667,1825.892857,3454.190476,3343.055556,3647.894928,3356.899383,3565.037879,3596.536232,3573.826087,3625.928,3407.477564,3519.05,3460.557971,3389.164103,3586.68913,3660.534325,3403.735317,3302.5,3665.025641,3426.503788,1559.090909
01-03-2014,1352.5,761.6935484,1482.526882,866.6666667,1730.15873,1527.419355,3697.027778,3665.048611,3710.428571,3643.304487,3771.908333,3891.586957,3691.775,3817.127976,3615.413194,3788.4375,3723.391304,3554.678571,3946.798246,3765.839053,3703.412319,3673.152174,3868.045513,3642.452899,1352.5
01-04-2014,982.1428571,676.4444444,1311.666667,1530.434783,1578.030303,690,3796.666667,3834.3125,3975.026042,3956.777778,3898,4178.640351,3770.25,4126.594203,4101.666667,3926.111111,3962.4125,3673.023148,4178.730159,4037.18836,4003.395833,3824.363636,4186.178947,3873.953704,982.1428571
01-05-2014,1255,743.4139785,1301.724138,1714.285714,1613.666667,1092.741935,4064.166667,4088.564103,4204.913194,3699.602564,4214.376812,4247.525641,4194.722222,4258.886905,4300.746667,4205,4280.011905,3893.619048,4303.427083,4341.382047,4068.74359,3990.769231,4394.827564,4125.934028,1255
01-06-2014,2050,842.0555556,1726.785714,1685.185185,1616,1980,3661.208333,3441.392857,4011.85,3697.116667,3709.586957,4010.869565,3692.507576,3832.880952,3776.517241,3904.166667,3903.809524,3765.9,3808.52,4042.354339,3656.083333,3305.78125,4026.701111,3785.776667,2050
01-07-2014,3494.736842,1887.903226,3768.888889,2620.967742,2204.761905,3620.16129,3622.333333,3582.12069,3727.056,3782.533333,3818.020833,3848.153333,3808.676471,3818.543103,3758.630952,3744.580128,3713.41358,3512.91129,3898.201333,3831.57266,3638.262821,3516.666667,3940.351067,3752.219136,3494.736842
01-08-2014,3318.452381,2465.591398,3846.505376,2883.974359,3483.045977,3066.071429,3287,3683.277778,3426.242754,3434.666667,3548.388889,3573.347826,3519.772727,3595.135802,3587.182099,3539.717949,3558.280247,3357.070988,3632.017333,3539.317857,3339.338889,3268.157895,3608.812179,3490.303623,3318.452381
01-09-2014,2295.402299,2028.218391,3209.722222,2459.22619,3129.166667,2195.833333,2817.47619,3111.280702,3032.111538,2964.711538,3139.289855,3262.146667,3118.166667,3172.856173,3179.028736,3143.491071,3201.62037,2938.965517,3233.380864,3135.560913,2107.833333,2889.5,3154.046141,3084.946154,2295.402299
01-10-2014,2134.615385,1614.892473,2303.055556,2363.793103,2357.142857,1917.241379,2725.566667,2862.007576,2696.464286,2817.354167,2745.008772,2883.003472,2877.138889,2845.089333,2851.968254,2659.543056,2861.613509,2788.388228,2860.757246,2790.958629,2373.604493,2812.205882,2890.149531,2742.893182,2134.615385
01-11-2014,1913.333333,1765.747126,2657.5,2452.298851,2589.930556,2091.37931,3020.482609,3013.427536,2959.140212,3099.453889,2890.621212,3061.919872,3052.46,3018.864,3067.056667,2890.972667,3024.008823,2978.408069,3088.359028,3041.898852,3082.303333,3122.8125,3091.954677,3029.549306,1913.333333
01-12-2014,1437.365591,1077.956989,1815.860215,1820.888889,2201.194444,1720.967742,3089.882692,3017.327586,2999.808025,3154.026882,2963.679487,3134.83642,3105.294872,3107.241111,3134.778495,2994.58,3088.905722,3029.415265,3124.622436,3137.077977,3097.009615,3162.729167,3170.758333,3075.532275,1437.365591
01-01-2015,1289.247312,854.0322581,1464.444444,1452.365591,1817.1875,1422.580645,3159.266667,3089.057692,3121.21358,3239.095238,3066.013333,3248.016667,3144.326087,3090.140805,3248.241071,2991.086667,3204.926984,3093.916825,3270.942667,3240.753558,3132.280303,3150.184211,3272.990107,3151.644667,1289.247312
01-02-2015,1355.625,1025.416667,1068.154762,1457.8,1621.794872,1495.535714,3104.049242,2989.208333,3065.332576,3106.061728,3068.866667,3169.772727,3073.6,3076.532051,3144.798077,2957.492754,2984.576816,3037.398214,3229.620635,3195.827839,3066.893939,3107.916667,3244.585571,3116.730435,1355.625
01-03-2015,1509.811828,1032.298851,1680.376344,1782.901235,1681.944444,1877.419355,3009.316667,2928.684211,3007.571429,2906.234848,3006.658333,3151.525362,3022.666667,3053.684028,3165.961538,2968.888889,3054.385263,2945.623889,3182.36,3137.65945,3028.555556,2982.452381,3197.062946,3018.225,1509.811828
01-04-2015,2166.975309,1572.111111,2920.277778,2486.419753,2147.916667,1891,3327.75,3210.763158,3344.966667,2953.825,3386.016667,3446.076389,3401.625,2944.648148,3462.462121,3081.916667,3316.50377,3149.678395,3482.441667,3386.879048,3425.090909,3394.429487,3498.850286,3270.177536,2166.975309
01-05-2015,2053.225806,1429.944444,2618.548387,2205.722222,1906.37931,1883.62069,3524.7,3596.090909,3623.427083,3481.00641,3640.84058,3758.224359,3654.434783,3581.363889,3768.369565,3552.47619,3597.872414,3428.142778,3720.742424,3737.263175,3721.433333,3689.375,3809.418883,3623.871528,2053.225806
01-06-2015,2018.333333,1373.5,3140.517241,2517.816092,1920.454545,2473.275862,3548.766026,3267.979167,3417.527333,3442.431548,3358.72,3504.76,3343.206667,3364.797222,3433.433333,3302.477083,3470.841667,3239.745635,3442.778205,3480.523082,2856.806,3352.0625,3520.418968,3385.583333,2018.333333
01-07-2015,2261.021505,1510.564516,2901.075269,2895.114943,2173.132184,2685.483871,3125.564103,3138.327586,3178.353846,3150,3169.666667,3261.519231,3159.818182,3234.405172,3196.961538,3073.521605,3196.071429,3102.950115,3243.882716,3244.553889,2549.136538,3148.269231,3303.69688,3146.656,2261.021505
01-08-2015,2644.892473,1355.611111,3235.215054,3068.333333,2153.888889,2808.928571,2990.979167,2928.980769,3078.152174,2980.54321,3038.550725,3143.492754,2990.795455,3031.354167,3068.84,2916.730769,2993.890805,2977.006106,3174.576389,3084.95624,2756.620833,3062.94,3171.54023,2989.833333,2644.892473
01-09-2015,2100.833333,1403.5,2092.222222,2187.356322,2209.294872,1721.551724,3109.958333,3032.354167,3069.714,3141.700617,3107.217391,3143.25,3108.770833,3012.355993,3148.558333,3027.163462,3087.211931,3100.404132,3191.566667,3167.108624,2606.966667,3167.380952,3185.494898,3125.886,2100.833333
01-10-2015,2427.419355,1557,2584.408602,2665.666667,2411.217949,1778.225806,3487.147826,3167.36,3376.895455,3565.733333,3331.566667,3621.669872,3511.396825,3469.598333,3583.665,3368.781333,3599.453175,3579.254337,3533.436111,3665.261311,2723.392949,3573.26,3681.890476,3474.889545,2427.419355
01-11-2015,1648.055556,1488.722222,2708.888889,2550.679012,2386.111111,1987.931034,3360.951587,3134.190476,3337.030556,3328.569136,3273.403509,3578.305556,3448.816667,3446.619643,3441.666667,3163.306818,3414.798873,3349.299179,3502.744444,3527.416571,2349.364318,3359.608696,3613.231319,3303.958983,1648.055556
01-12-2015,1434.919355,1406.075269,2306.989247,2112.204301,2017.241379,2127.884615,3029.680128,3104.201389,3315.209722,3306.701075,3220.128788,3514.29321,3342.194444,3389.074713,3416.716092,3074.407051,3398.606336,3300.372504,3391.530303,3501.828108,3244.405556,3337.678571,3581.937415,3222.964744,1434.919355
01-01-2016,1924.367816,1615.138889,2400.555556,2487.066667,2465.066667,2699.107143,3342.072464,3216.304348,3354.289394,3277.740476,3302.215278,3540.833333,3351.5,3451.432099,3419.889881,3228.444444,3433.206389,3305.240646,3453.929333,3524.689087,3299.318841,3390.074074,3593.721839,3239.829333,1924.367816
01-02-2016,1321.666667,1096.011905,1626.190476,1788.16092,1894.927536,1663.043478,3359.208333,3298.826087,3342.595833,3240.332143,3270.015873,3500.856667,3336.849206,3403.382716,3471.373188,3122.248148,3376.163547,3294.906868,3451.286957,3508.171499,2736.0196,3383.697531,3581.576786,3205.495833,1321.666667
01-03-2016,2074.712644,1395.922619,2417.741935,2257.183908,1938.333333,2141.37931,3201.275,3192.9,3366.949206,3201.393939,3323.25,3454.583333,3359.925,3437.479167,3425.606667,3062.470588,3394.060531,3262.340934,3337.785088,3475.420443,2239.528623,3437.094203,3557.025714,3188.105303,2074.712644
01-04-2016,1681.666667,1656.439394,2072.988506,1732.533333,2697.222222,1204,3599.911765,3473.195652,3627.56,3514.227273,3588.481481,3748.243056,3675.184211,3725.465278,3562.73913,3409.323529,3648.382363,3451.568,3800.096491,3795.039359,2186.916,3793.403846,3886.160455,3468.156061,1681.666667
01-05-2016,1830.055556,1297.715054,2432.777778,2031.388889,2661.428571,1666.935484,3492.666667,3406.666667,3585.711806,3542.621795,3553.47619,3688.012821,3465.75,3616.711111,3676.051282,3349.525362,3615.885629,3434.436398,3762.093056,3719.532222,2340.107821,3649.326923,3876.65977,3377.243056,1830.055556
01-06-2016,1837.729885,1279.333333,2595.555556,2304.166667,2051.333333,1711.666667,3420.1,3391.053571,3495.964,3492.097619,3487.486111,3630.77,3579.893333,3564.147222,3530.297619,3334.827586,3606.518942,3439.53243,3617.476282,3666.322738,3066.920064,3577.604167,3744.570159,3396.353205,1837.729885
01-07-2016,2601.5,1849.408602,3546.666667,3193.209877,2334.722222,3124.137931,3237.520833,3310.28,3345.75625,3363.54023,3449.587302,3473.726667,3409.640351,3428.983333,3413.25,3263.717308,3435.41486,3353.877698,3484.110417,3505.091935,3463.621212,3346.48,3579.028968,3313.227536,2601.5
01-08-2016,2151.436782,1609.892473,2920.967742,2647.530864,2176.851852,2270.967742,3188.316667,3128.391304,3280.501449,3215.130435,3315.061404,3413.01087,3337.041667,3358.350694,3415.357143,3224.657143,3359.71,3249.141865,3422.015152,3427.294405,3095.5,3323.763889,3463.182051,3271.988889,2151.436782
01-09-2016,2383.184524,1322.067901,2877.564103,2668.589744,2095.666667,2233.928571,2935.37037,3045.973684,2952.424667,2933.596667,2950.333333,2996.66,2966.909091,2941.364198,3092.128472,2971.4375,2996.956667,3044.589286,3093.393182,3071.011852,2927.227778,2915,3050.256702,3031.533974,2383.184524
01-10-2016,2526,1475.166667,2986.781609,2731.25,2070.238095,2045.16129,2768.037681,2789.833333,2670.877381,2704.989286,2560.198413,2812.076667,2656.210526,2643.063218,2904.311594,2793.966667,2715.840675,2853.888721,2773.221739,2804.094577,2809.708,2835.175,2852.843506,2781.492029,2526
01-11-2016,1986.538462,1481.777778,2457.222222,2312.345679,2001.282051,1400,2873.057778,2772.708333,2764.9125,2778.369298,2627.54902,2848.801587,2735.238095,2693.719753,2869.878704,2715.305556,2778.105253,2857.872494,2792.60873,2806.694171,2759.466667,2834.576923,2888.853247,2744.725,1986.538462
01-12-2016,1502.173913,1079.712644,1843.010753,1917.391304,1573.106061,1277.5,2745.232738,2639.5625,2702.756803,2715.803333,2695.644928,2899.372222,2741.435897,2660.675397,2828.428,2731.339744,2760.029132,2768.664039,2832.110119,2813.104864,2731.53141,2784.291667,2909.78141,2724.644872,1502.173913
01-01-2017,1090.47619,1057.741935,1264.516129,1763.333333,1691.22807,1427.5,2788.304,2691.063492,2774.530258,2792.289655,2740.444444,2860.619048,2758.606667,2781.795238,2881.341667,2752.375,2813.113041,2780.605624,2850.050667,2842.971929,2767.037897,2795.673913,2920.761491,2751.719444,1090.47619
01-02-2017,885,876.4880952,1029.487179,1753.472222,1814.285714,1423.214286,2729.86,2629.229167,2681.841017,2755.937179,2694.2,2842.524306,2695.181818,2688.756548,2782.365217,2686.098485,2764.173045,2730.762347,2827.556349,2796.472568,2687.127083,2748.413043,2854.272464,2686.420455,885
01-03-2017,1450.864198,1066.774194,1625,1494.230769,1443.75,1271.428571,2669.055556,2584.020833,2711.400833,2695.181333,2669.175439,2830.185185,2681.891304,2682.759524,2813.836957,2664.113636,2752.29932,2677.859341,2797.671333,2773.617506,2651.277083,2663.173077,2820.122222,2650.774638,1450.864198
01-04-2017,1728.666667,1357.5,1972.413793,1469.320988,1810.069444,1050.862069,2649.007576,2526.805556,2753.570426,2678.243056,2725.064815,2845.1875,2716.925,2733.144231,2835.710526,2620.210526,2771.372436,2668.496605,2840.271014,2798.59181,2636.926984,2785.586957,2853.197738,2620.860833,1728.666667
01-05-2017,1770,1174.310345,2219.444444,2703.125,1805.681818,1471.428571,2634.093333,2533.96,2745.728,2599.366667,2683.325397,2816.705357,2650.74,2676.362778,2785.590278,2613.893333,2736.327381,2661.359269,2811.716,2762.20459,2640.647531,2694.574074,2832.447711,2589.811594,1770
01-06-2017,1837.654321,1163.541667,2752.873563,2655.769231,2145.37037,1926.724138,2576.108696,2502.208333,2803.863636,2578.22,2643.25,2781.935897,2632.571429,2639.344203,2802.740741,2549.026316,2705.270833,2621.033228,2812.846154,2694.225926,2587.160256,2664.02381,2793.698039,2557.655303,1837.654321
01-07-2017,2634.027778,1664.83871,3840.555556,3446.83908,3206.140351,3609.52381,2595.886,2651.557692,2768.770833,2666.486667,2699.381944,2818.209877,2732.694444,2673.197126,2842.83,2662.3,2713.692519,2689.685727,2799.063333,2794.050259,2656.095513,2684.462121,2798.433791,2669.663462,2634.027778
01-08-2017,3249.166667,2016.896552,3318.965517,3409.677419,4153.030303,3063.333333,2675.224638,2778.913043,2813.013889,2762.671605,2835.121212,2869.7,2801.881944,2783.095833,2894.625,2757.801333,2806.81237,2826.090207,2905.481944,2861.941312,2752.075362,2801.884615,2875.080776,2776.990667,3249.166667
01-09-2017,2040.086207,1535.944444,2193.82716,2371.428571,2826.515152,1548.666667,2582.485507,2790.395062,2733.485921,2689.374074,2806.6,2815.356667,2763.909091,2688.343103,2803.159848,2819.644928,2753.147194,2791.672707,2857.269565,2812.670777,2741.387681,2779.526316,2838.740751,2673.237681,2040.086207
01-10-2017,2674.027778,1712.634409,3043.103448,3134.444444,3039.492754,2007.258065,2410.415942,2491.833333,2576.565873,2502.841071,2521.708333,2639.503472,2531.5,2530.504762,2639.234127,2547.108696,2550.712671,2538.930891,2572.999206,2629.833202,2498.128373,2537.346154,2697.197738,2444.093939,2674.027778
01-11-2017,2552.716049,1964.655172,3505,2906.666667,3221.491228,2556.896552,2440.23141,2222.297619,2529.06804,2474.3375,2477.26087,2637.24,2533.34,2553.747455,2608.979167,2471.553704,2512.005741,2464.315247,2542.803472,2568.65997,2518.326832,2545.511905,2640.274476,2410.97674,2552.716049
01-12-2017,1955.277778,1570.277778,2809.615385,2362.903226,3042.424242,1782.258065,2617.9125,2512.85,2716.475983,2734.688462,2721.128788,2842.016026,2773,2741.190312,2812.775758,2613.461111,2779.234729,2727.054167,2785.984058,2805.757782,2681.73196,2796,2850.104555,2621.262121,1955.277778
01-01-2018,1995.277778,1587.777778,3089.655172,2528.16092,2138.271605,2158.064516,2981.438667,3043.716667,3008.865873,3068.149359,3081.485507,3166.88141,3134.194444,3040.858333,3090.8,2867.473333,3110.301944,3040.727176,3167.512319,3105.452288,2999.188736,3104.217391,3158.73631,2955.842667,1995.277778
01-02-2018,1771.604938,1363.580247,2126.54321,2141.975309,1907.692308,1685.714286,3239.447101,3423.590278,3362.197835,3334.854167,3446.808333,3531.25,3484.606061,3473.630864,3486.945455,3258.157576,3442.240373,3251.987546,3485.682576,3397.450838,3325.817184,3405.75,3534.796894,3280.340584,1771.604938
01-03-2018,1423.888889,1286.781609,1472.988506,1837.634409,1582.638889,1816.129032,3380.688596,3396.9,3389.977778,3362.898413,3466.564815,3545.719697,3518.263158,3426.379861,3541.6225,3239.023148,3464.815429,3226.517989,3459.806481,3442.727743,3356.938636,3390.717391,3554.137738,3245.141667,1423.888889
01-04-2018,1831.547619,1373.333333,2746.91358,2045.977011,1749.122807,2021.428571,3405.472222,3339.194444,3409.213636,3382.485507,3466.701754,3519.079861,3443.62963,3489.302083,3472.9125,3319.466667,3458.07672,3260.269048,3589.927273,3491.833282,3396.519565,3407.659091,3561.791234,3272.3075,1831.547619
01-05-2018,1687.884615,1105.322581,2646.774194,2308.611111,2063.333333,2098.387097,3471.057692,3131.306667,3358.712821,3355.070988,3413.909722,3471.526786,3346.590909,3379.71129,3443.762821,3273.272727,3424.29898,3220.480357,3505.990278,3427.567524,3379.207143,3396.076923,3526.373535,3305.994,1687.884615
01-06-2018,2057.051282,1369.761905,2969.753086,2397.02381,2110.526316,2401.666667,3294.163043,2982.527778,3254.8275,3199.483333,3238.675,3342.74,3245.388889,3267.756667,3296.488095,3182.427778,3257.185818,3160.94983,3272.097101,3333.893502,3240.252,3201.823529,3413.029478,3144.696032,2057.051282
01-07-2018,2427.222222,1531.236559,3419.354839,2757.777778,2417.391304,2423.709677,3236.106667,3059.533333,3288.799167,3173.983333,3261.027778,3333.227564,3325.725,3285.353763,3306.055556,3124.710317,3261.091174,3178.293164,3328.486111,3297.377488,3200.383974,3314.928571,3373.272952,3170.247436,2427.222222
01-08-2018,2239.444444,1824.892473,3458.888889,2918.888889,2961.363636,2724.193548,3061.166667,2999.323529,3169.923913,3097.041667,3191.725,3251.956667,3130.608333,3154.819333,3178.160145,3186.621212,3184.160053,3068.946576,3251.739394,3186.474353,3053.342424,3054.539216,3286.400992,3063.647727,2239.444444
01-09-2018,2158.630952,1769.111111,3344.54023,2215,2115.625,2291.37931,2997.029412,2915.388889,3052.846429,2951.583333,3051.516667,3174.352564,3076.883333,2999.598765,3057.355263,2984.2625,3076.797222,3016.128257,3106.114035,3117.226651,2861.061594,2979.294118,3173.921429,2956.306863,2158.630952
01-10-2018,2228.304598,1748.870968,3243.27957,2740.123457,2294.444444,2345.16129,2908.583333,2930.961538,2890.397253,2847.646795,2919.784091,3022.376667,2965.375,2934.832628,2903.215972,2840.575362,2908.786959,3069.012131,2966.993582,2941.816282,2958.976374,3082.061404,3008.963988,2908.497826,2228.304598
01-11-2018,2094.791667,1550.444444,3357.777778,2833.045977,2587.333333,2384.482759,3112.427083,3213.535714,3056.767113,3093.623333,3117.119048,3149.526316,3146.313725,3151.336095,3115.087925,3048.288235,3069.575742,3180.841355,3135.350132,3092.530397,3143.367857,3133.727273,3142.006481,3091.219974,2094.791667
01-12-2018,1949.666667,1297.166667,2680.376344,2740.229885,2676.190476,2122.580645,3130.012821,3074.833333,3065.005087,3101.845062,3137.829545,3217.932692,3189.126667,3213.729762,3146.181263,3050.089394,3117.464439,3167.043321,3162.176087,3149.765184,3133.33663,3190.777778,3233.318056,3083.608696,1949.666667
01-01-2019,1959.055556,1077.634409,2227.688172,2674.444444,2473.529412,2290.322581,3348.95641,3218.695513,3384.544857,3350.763462,3445.447917,3449.942308,3497,3484.293254,3416.702381,3259.88141,3442.665079,3364.76721,3478.744476,3432.014883,3400.857509,3346.555556,3282.362346,3383.807937,1959.055556
01-02-2019,1999.074074,1074.642857,2042.261905,2230.128205,2014.705882,1717.857143,3496.029861,3413.1,3547.547619,3526.207639,3530.541667,3637.15625,3597.893939,3586.837821,3590.119167,3433.908333,3590.212543,3493.419312,3601.459028,3592.298158,3579.428175,3533.130435,3404.70329,3490.431061,1999.074074
01-03-2019,1497.222222,1239.354839,1716.935484,1748.924731,1692.592593,1578.333333,3453.054545,3424.428571,3497.203792,3417.050833,3485.114035,3576.036232,3472.530303,3535.691358,3537.258333,3315.890351,3512.867651,3398.279422,3568.807971,3499.453787,3503.165217,3431.318182,3242.341888,3418.777778,1497.222222
01-04-2019,2007.5,1668,3100,3193.333333,3053.846154,2962.5,3509.77381,3427.5,3551.757778,3532.753472,3492.846491,3588.565217,3592.111111,3507.93,3600.55614,3388.166667,3556.027076,3476.280911,3579.484848,3527.589802,3595.685185,3469.094667,3431.961769,3446.263636,2007.5
01-05-2019,2294.583333,1347.903226,2639.247312,2841.666667,3163.095238,2617.741935,3574.545455,3398.46875,3547.802688,3478.130435,3501.59127,3617.041667,3597.119048,3499.395833,3614.961667,3358.268519,3570.807348,3494.041182,3631.442857,3549.260663,3584.190972,3459.021739,3372.965,3447.929167,2294.583333
01-06-2019,2490.833333,1279.666667,2899.722222,2606.111111,2507.142857,2364.285714,3511.992754,3300.105263,3532.003889,3511.826,3508.912698,3578.130435,3525.3,3461.360119,3582.039394,3295.424603,3577.046273,3400.279762,3544.465533,3520.333586,3578.423485,3444.466667,3356.35281,3446.636111,2490.833333
01-07-2019,2984.583333,1676.075269,3941.397849,3540,2772.5,3204.166667,3461.914198,3351.947368,3448.29447,3406.408025,3468.572917,3487.179487,3467.444444,3394.634444,3421.275333,3343.693333,3435.319563,3377.391865,3447.688095,3434.051422,3436.094231,3417.520833,3082.657972,3350.314815,2984.583333
01-08-2019,2445.026882,2150.537634,2768.548387,3438.095238,2266.666667,2493.548387,3442.866667,3326.15625,3496.838172,3415.406944,3532.421053,3513.891304,3519.425,3430.374074,3447.425439,3357.78254,3499.166941,3381.315391,3532.722222,3435.183423,3414.105263,3433.119048,3331.300131,3389.739394,2445.026882
01-09-2019,2487.931034,1970.722222,3178.055556,3223.809524,2232.608696,2540,3618.964286,3565.313725,3650.463333,3613.26087,3679.439394,3685.351449,3636.6,3542.251333,3642.107895,3423.757937,3797.166667,3528.620095,3760.301449,3605.327209,3573.804762,3618.571429,3345.274794,3583.843333,2487.931034
01-10-2019,2946.944444,1936.935484,3453.494624,3351.111111,3204.166667,2790,3322.27,3400.3,3327.58533,3360.865152,3328.77193,3322.050725,3353.933333,3214.746561,3304.950549,3372.645563,3465.50419,3347.097917,3423.930726,3396.965267,3333.961333,3502.369565,3026.926706,3386.131061,2946.944444
01-11-2019,3031.111111,2066.944444,3807.777778,3450,3744.444444,3540,3595.544444,3507.565217,3628.493016,3668.486111,3538.204545,3739.306667,3554.769231,3464.919048,3466.385632,3504.149603,3573.284797,3592.965623,3700.759341,3630.206867,3603.985817,3622.916667,3348.457738,3602.112897,3031.111111
01-12-2019,2265.456989,1600.16129,3069.892473,2963.333333,3275,2613.461538,3905.422667,3808.608696,3799.360292,3947.566667,3896.436508,3981.347222,3959.513333,3832.460345,3613.212174,3774.262879,3822.906618,3872.446622,3977.974095,3815.480184,3882.100549,3885.666667,3703.519117,3869.69256,2265.456989
01-01-2020,2387.797619,1350.5,3253.225806,2912.222222,2508.333333,2691.666667,4038.761333,3825.811594,3904.302227,3942.000538,3973.628472,4064.223333,4012.933333,3895.17037,3740.813465,3840.391304,3877.980527,3929.088324,4048.138801,3934.011407,3964.614286,3943.425926,4077.516129,3974.083908,2387.797619
01-02-2020,2607.407407,1620.574713,3480.747126,2750.694444,2573.684211,2625.925926,3812.164583,3557.631579,3745.428736,3699.464744,3751.890152,3828.027778,3842.242424,3682.234667,3490.135119,3581.190476,3642.442643,3690.562149,3840.790667,3711.30234,3770.468116,3657.285714,3796.150575,3741.56875,2607.407407
01-03-2020,1772.222222,1465.698925,2673.387097,2246.666667,2198.076923,2028.571429,3444.166667,3108.772727,3480.678736,3472.9375,3452.294118,3502.869792,3509.2,3432.111111,3384.023958,3229.840278,3209.244048,3345.06379,3472.682222,3411.614648,3463.630208,3537.5,3442.978,3358.477451,1772.222222
01-04-2020,1846.264368,1446.666667,1778.735632,1265.789474,2323.214286,487.5,3604.5,3488.4,3691.4,3275,3529.038462,3600,3275,3435,2600,3766.666667,3500,3578.225,3462.142857,3488.981481,3580.990741,3400,3475,3662.5,1846.264368
01-05-2020,2336.944444,1354.462366,1624.462366,1661.111111,1939.880952,1162.5,3605.842105,3366,3589.140909,3599.907407,3655.72807,3454.369048,3535.7,3455.875,3499.411538,3575.969697,3538.064456,3522.224,3670.363492,3592.272817,3666.255303,3298.8125,3715.847101,3495.846032,2336.944444
01-06-2020,2785.357143,1472,2543.611111,2656.140351,1390,1896.875,3686.055072,3281.388889,3583.269643,3645.275,3618.125,3541.25,3582.430556,3481.049242,3454.323611,3479.854167,3544.072632,3493.417517,3625.458829,3622.810429,3603.316,3360.923077,3639.004023,3573.553846,2785.357143
01-07-2020,3892.045455,2595.77957,3503.225806,3818.181818,2811.764706,1847.619048,3470.817361,3381.736842,3474.074405,3511.421605,3546.277778,3421.964744,3552.295455,3470.307018,3358.361111,3372.144928,3496.137654,3354.608883,3554.380303,3486.756183,3450.661333,3414.884615,3539.425556,3361.333951,3892.045455
01-08-2020,3276.153846,2004.032258,3534.444444,2536.111111,3622.222222,2919.565217,3472.824074,3509.846154,3598.121264,3609.649123,3594.267544,3631.202381,3610.153846,3568.958333,3460.19386,3454.359375,3622.352692,3472.35,3676.592593,3511.198413,3506.392157,3399.763158,3609.746237,3531.50873,3276.153846
01-09-2020,3980.555556,2210,4228.571429,3379.885057,3948.076923,2624,3511.244048,3537.5,3471.20614,3454.411458,3388.066667,3385.333333,3432.833333,3188.901042,3508.680556,3435.217949,3537.588244,3460.296154,3582.617857,3542.558201,3543.5,3344.3,3545.108025,3327.903125,3980.555556
01-10-2020,3729.783951,2832.016129,4776.88172,3657.738095,3930,4321.73913,3757.990196,3834.857143,3419.344095,3757.386667,3521.644737,3565.700758,3825.325758,3596.616667,3776.077778,3357.552083,3734.694264,3530.36875,3425.187675,3830.526794,3968.9,3818.194444,3837.330667,3503.635,3729.783951
01-11-2020,2748.363095,2624.777778,4357.222222,3495.061728,3795.652174,3039.583333,3985.780702,4074.384615,3766.029803,3971.685119,3831.683333,3872.313492,4073.201389,3922.444697,4092.722222,3582.929825,3978.019175,3768.197173,3664.816667,3954.274725,4118.364286,4222.90625,4035.873333,3776.217424,2748.363095
01-12-2020,1987.64881,1948.655914,3339.784946,2875.925926,3347.222222,2452.380952,4123.413333,4103.333333,3834.258065,4032.565054,3959,3911.59,4197.777778,4070.202381,4084.386364,3669.018939,4043.266905,3745.530403,3737.439143,4041.123385,4187.37284,4062.659091,4125.763441,3808.34,1987.64881
01-01-2021,1984.027778,1780.806452,3163.709677,2767.241379,2358.333333,2459.375,4250.229167,4300.411765,4016.237097,4210.863218,4226.681159,4237.583333,4418.611111,4231.75,4250.992754,3783.714286,4207.286823,3956.186706,4029.438,4208.34194,4326.354464,4176.26087,4266.281183,4007.646377,1984.027778
01-02-2021,1666.987179,1425.119048,2450.892857,2726.785714,2163.636364,1677.777778,4512.42971,4629.503472,4265.803846,4450.644643,4497.870833,4463.003205,4672.888889,4594.953333,4463.704167,4100.435606,4523.861552,4280.387153,4315.091991,4441.315091,4561.817333,4490.569444,4633.071795,4308.895455,1666.987179
01-03-2021,1628.685897,1467.365591,1826.075269,1801.075269,2250,1164.285714,4993.496491,5071.962963,4855.438095,4885.477273,4964.880435,4896.141026,5123.014493,5206.399306,5031.837121,4719,5084.533524,4762.109673,4923.486232,4874.741045,5154.676389,5085.625,5172.551449,4900.372464,1628.685897
01-04-2021,2265.333333,1325.527778,2203.571429,1597.413793,2562.5,1225,6215.439394,6066.25,5556.277778,6344.390625,6202.385417,6214.555556,6066.071429,5776.55,6414.608333,5970.714286,6525.028571,6187.595238,6209.30303,5984.470308,6454.075,6445.357143,6678.823684,6072.455556,2265.333333
01-05-2021,2739.236111,1024.444444,2558.333333,1918.82716,2352.173913,1517.647059,6830,6490.705882,6600.380435,7039.253623,6896.5625,7025.388889,7231.833333,7020.5,6027.428571,5835.1,7068.75,6821.37963,7231.357143,6890.416667,6827.727273,6031,7171.464286,7318,2739.236111
01-06-2021,3310.294118,925,3168.611111,2309.444444,3115,2565.625,6661.086667,6580.433333,6373.298851,6488.772989,6876.246795,6606.632716,7043.697531,6536.354167,6656.949275,6183.904762,6660.252015,6401.942766,6725.66875,6533.095701,6706.694928,6548.647059,6929.097778,6522.118056,3310.294118
01-07-2021,3908.333333,1036.206897,3636.290323,2975.862069,2772.5,2506.818182,7909.204348,7894.947368,7475.451852,7737.483333,7971.199275,7712.951149,7900.616667,7703.024306,7570.637037,7720.841667,7675.890561,7454.828146,7931.072727,7229.290771,7644.134028,7679.982759,7829.261828,7722.817391,3908.333333
01-08-2021,2858.333333,1281.25,2609.139785,2356.790123,3018.181818,1800,8845.411765,8468.384615,8313.877778,8549.632353,7981.222222,8924.656667,8528.9375,8104.475,8868.257971,8098,8965.090278,8378.119333,8768.456349,7989.050159,8497.6875,8857.892857,8608.352778,8464.230159,2858.333333
01-09-2021,2185.515873,1027.586207,2703.888889,2108.045977,2342.5,1384.210526,7501.527778,6605.421053,6718.397778,7294.329861,6495.909722,6656.869048,6600.051282,5963.536538,7668.4625,6671.038462,7325.472436,7097.179487,6730.168056,6683.461508,7033.398148,4910,6915.365476,6953.070139,2185.515873
01-10-2021,3935.185185,1551.785714,3720.277778,4496.91358,2938.461538,2810.869565,5045.069697,4567.028986,4574.202074,4815.123333,4820.873188,4798.188172,4657.392857,4703.845402,4748.203727,4885.780702,4842.068952,4990.769841,4936.756494,4936.303981,5063.623333,5140.785714,4579.398479,4840.556944,3935.185185
01-11-2021,3528.125,2156.666667,4328.055556,4215.432099,3835.714286,3231.034483,5613.258333,5680.760417,5196.860016,5468.069444,5811.735507,5565.51,5543.275862,5457.12069,5260.354,5558.5,5595.300635,5687.45619,5626.883333,5683.064258,5701.014493,5776.894737,4872.51523,5554.85,3528.125
01-12-2021,2621.354167,2024,4096.236559,4423.809524,3515.384615,3783.928571,5893,6160.659091,5537.97381,5757.183333,6128.607143,5990.143678,6124.317204,6083.893011,5750.105556,6011.125,6043.57235,6055.15743,6024.585989,6005.743171,6130.177564,6057.684211,5986.948387,5980.031481,2621.354167
01-01-2022,2080,1793.333333,3709.946237,3603.448276,3219.230769,2444.642857,5846.65942,6076.456522,5788.693548,5777.229167,6025.652778,6072.455128,6120.970238,6013.840476,5985.681159,5831,6108.437436,5996.023965,6195.548,5977.853154,6040.208667,5906.194444,5721.815317,5831.870139,2080
01-02-2022,2169.230769,1296.296296,3116.071429,3246.296296,2671.052632,2539.130435,6258.028986,6371.896825,6410.357848,6122.432667,6516.859848,6499.948718,6539.788462,6446.613095,6455.15,6264.047619,6437.4704,6371.111954,6592.257246,6412.360615,6387.79,6324.130435,6506.682738,6242.906061,2169.230769
01-03-2022,1255.357143,1388.333333,2386.827957,2426.666667,1994.117647,2022.413793,6766.5,7115.928571,7040.459195,6630.138889,7240.416667,7332.397436,6987.286667,7088.297619,6960.885417,6790.427083,7132.970476,6904.081381,7141.061111,6835.239484,7020.134058,7098.433333,7299.961538,6827.069565,1255.357143
01-04-2022,2237.5,1326.923077,3633.333333,2659.444444,1953.125,2888.888889,6606.921053,7019.731481,7046.896667,6467.65873,7170.6625,7133.684783,7151.442308,7163.010417,7175.079365,7081.583333,7161.797516,6870.747701,7368.756481,6787.434667,7138.107639,7074.676471,7378.292667,6964.157576,2237.5
01-05-2022,2600,1874.712644,2776.111111,2268,3950,1446.153846,6201.833333,6401.472222,6559.277011,6513.309028,6621.708333,6548.666667,6485.186667,6554.137931,6661.21875,6132.8125,6541.783377,6573.675992,6804.165833,6557.680612,5905.512346,6810.2,6659.837931,6540.701667,2600
01-06-2022,2037.5,2066.111111,3085,2322.02381,3866.666667,2175,5873.564394,6069.336538,6242.567222,6123.234524,6294.778986,6377.551282,6216.378205,6125.612069,6035.900725,6001.034091,6253.413123,6175.12619,6437.454487,6263.224854,6129.566667,6173.333333,6474.356897,6194.414103,2037.5
01-07-2022,2275,1569.354839,3682.5,3318.965517,3080,2996.153846,5779.264706,5781.264881,5758.683333,5770.799383,6051.435606,5778.689103,5917.270833,5815.806548,5472.82971,5739.121212,5928.683627,5725.268225,6014.122464,5806.850294,5738.153205,5763.75,5981.657527,5832.026,2275
01-08-2022,2598.275862,1587.096774,4825,3371.83908,3586.363636,4400,5557.236842,5682.641667,5696.492473,5670.6625,5718.55,5811.574405,5816.637681,5706.424359,5355.520833,5612.518519,5784.806,5673.470873,5866.80303,5786.166347,5008.001984,5665.285714,5810.618968,5604.739583,2598.275862
01-09-2022,2402.173913,2016.833333,3961.666667,3706.111111,4023.333333,2785.185185,4686.829365,4927.452381,4742.271018,4659.89,4731.618056,4827.416667,4815.916667,4725.447531,4792.172464,4697.4375,4876.910943,4758.526367,4842.030769,4922.90004,4100.85,4000,4866.463333,4615.855769,2402.173913
01-10-2022,2593.103448,2391.989247,3939.516129,3602.97619,3194.736842,3393.75,4294.586667,4871.03125,4491.159601,4435.857333,4602.223333,4518.430556,4646.302469,4573.275143,4552.05619,4467.236842,4592.118666,4472.701969,4701.734762,4631.153139,3717.997436,4541.821429,4585.006452,4427.102667,2593.103448
01-11-2022,1781.25,1983.777778,2821.944444,2737.037037,3058.823529,1998.148148,5133.418939,5375.804348,5268.621429,5044.574713,5255.227778,5299.053571,5228.809524,5301.797126,5184.09185,4977.791667,5168.828749,5140.095096,5285.595619,5225.568314,4367.819444,5231.15,5237.139444,5063.301238,1781.25
01-12-2022,1520,1488.172043,2156.451613,2009.677419,2040.909091,1727.586207,5153.075,5241.426667,5253.519892,5065.425595,5173.997126,5331.978395,5230.586022,5158.757222,5162.135185,5043.613333,5167.784277,5097.329912,5301.709278,5229.154211,4089.472024,5116.24,5314.000538,5122.75119,1520
01-01-2023,1580.092593,1540.322581,2517.741935,2462.5,2105.263158,1830.357143,5186.798551,5193.99359,5304.689862,5176.358974,5255.323333,5362.076389,5282.241935,5257.981034,5233.362963,5153.465278,5244.49093,5155.7143,5340.777778,5264.495801,4182.905333,4684.71875,5379.624731,5158.177083,1580.092593
01-02-2023,1210,1948.214286,2364.285714,2273.076923,2042.307692,1214,5082.607143,5139.121795,5236.161905,5071.638889,5177.176667,5225.657051,5228.261905,5142.525333,5134.772667,5030.545455,5149.909906,5030.679218,5253.470513,5208.735417,4323.815278,5002.214286,5292.906378,5140.3375,1210
01-03-2023,1796.296296,1848.387097,2295.16129,1901.954023,2761.111111,1453.448276,4993.009259,4975.9375,5097.213889,4923.136364,5063.944444,5095.93,5073.774194,4979.107639,5035.794737,4864.675439,4972.985823,4967.180357,5155.606818,5033.222632,4515.513194,4910.857143,5126.074603,4990.563333,1796.296296
01-04-2023,2251.25,1628.944444,2651.666667,2133.908046,2215.625,1271.428571,4891.472222,5070.069444,5095.685256,5015.194444,5125.530702,5181.306818,5145.089744,5007.115942,5163.319444,4824.458333,5097.132653,5022.789652,5209.941176,5075.388413,4016.451449,5067.857143,5162.914903,5003.391228,2251.25
01-05-2023,2240.909091,1604.623656,3059.677419,2475.595238,2214.285714,2255.747126,4889.642857,4860.409091,4992.464943,4928.666667,4930.128205,5119.993827,5000.589286,4846.617816,5067.524638,4612.4,4951.133418,4997.144231,5136.43254,4941.690553,3801.433642,4893.75,5143.400411,4904.408642,2240.909091
01-06-2023,2646.428571,1852.222222,3748.333333,2533.333333,3800,2525.925926,4824.923077,4807.286667,4894.203889,4846.478395,4893.527778,4919.966049,4923.410714,4824.734444,4923.98,4566.615942,4891.117735,4832.54828,5017.500667,4892.056984,3937.044551,4732.5,5004.515079,4762.3875,2646.428571
01-07-2023,3975,2869.569892,5898.387097,3820.591398,3716.666667,4518.518519,4707.061594,4758.534483,4805.474731,4715.595402,4779.326667,4866.632184,4756.572222,4714.905914,4738.19058,4640.902778,4753.334195,4700.101602,4846.428261,4715.358641,3966.246333,4566.666667,4746.846851,4699.49321,3975
01-08-2023,3046.666667,3105.277778,4796.774194,3966.833333,3598,4337.931034,4632.912698,4741.04,4799.012778,4675.766667,4745.813333,4811.953704,4828.962366,4731.464286,4771.147826,4589.128788,4743.507097,4665.818635,4819.654348,4763.917967,3969.881667,4665.0625,4744.362289,4750.857051,3046.666667
01-09-2023,2823.611111,2628.277778,3856.666667,3537.222222,2861.363636,3339.270833,4418.266667,4639.107143,4444.887931,4349.316667,4639.5,4417.202381,4588.483333,4341.730769,4575.47037,4500.357143,4428.729167,4511.808009,4564.080303,4651.059524,4153.317857,4468.714286,4559.621605,4544.175758,2823.611111
01-10-2023,3801.666667,2534.777778,4132.258065,3934.444444,4271.929825,3426.447368,4282.465217,4428.232639,4288.768587,4339.45641,4328.951923,4407.95977,4369.895062,4244.735407,4454.352627,4252.416667,4335.578175,4315.691626,4484.030754,4457.435672,3838.329294,4337.214286,4415.925485,4257.574603,3801.666667
01-11-2023,2170.277778,2418.444444,3535,3345.977011,2669.270833,2965.5,4706.651515,4940.425,4768.28733,4642.795,4797.223684,4849.955128,4758.6875,4605.069697,4748.40213,4530.645833,4801.008515,4675.88554,4881.052941,4817.643884,4057.67,4752.625,4856.251587,4669.015873,2170.277778
01-12-2023,2634.005376,2860.388889,4737.096774,3942.528736,2755.797101,4558.586957,4553.439782,4748.104167,4548.046121,4564.885802,4548.945652,4646.606322,4542.059615,4504.589785,4614.574048,4372.674603,4536.149662,4545.200147,4550.298457,4558.012709,4433.066,4571.7,4675.374675,4469.212743,2634.005376
01-01-2024,2442.222222,2153.387097,3405.172414,3360,2398.333333,2445.578947,4417.530303,4500.993056,4286.996352,4345.329861,4325.863095,4268.751396,4353.090212,4267.987222,4296.022016,4254.666667,4468.516047,4339.373045,4335.998495,4354.304045,4314.294,4242.5,4407.490862,4383.182422,2442.222222
01-02-2024,1569.109195,1763.095238,2312.068966,2764.197531,1784.666667,1800.809524,4221.268,4377.740741,4181.105056,4142.072917,4200.659615,4286.571749,4147.823077,4114.051786,4233.396463,3961.858333,4256.155599,4217.612436,4126.810531,4239.660763,4200.173611,4290.6,4282.606999,4185.702527,1569.109195
01-03-2024,1813.306452,2028.277778,3129.569892,3133.333333,1701.388889,2973.233333,4305.5375,4351.494048,4297.381643,4328.809524,4297.478205,4361.63869,4290.349559,4219.708333,4369.868651,4195.927083,4392.612236,4292.807264,4359.96004,4345.217361,4320.115152,4252.045455,4450.608451,4175.509325,1813.306452
01-04-2024,2362.946429,2522.126437,2836.666667,2666.049383,2036.111111,1160.825,4411.398148,4433.875,4488.298413,4467.631579,4468.448413,4404.200571,4449.185197,4337.826389,4562.111458,4251,4542.34568,4386.071417,4492.917262,4414.874614,4465.770455,4238.125,4567.778042,4481.678333,2362.946429
01-05-2024,2151.388889,2387.444444,2429.032258,2475.862069,2864.772727,1386.022727,4486.772727,4435.253205,4475.562968,4533.119565,4451.855732,4393.389327,4523.351149,4381.100575,4596.942641,4235.37963,4531.098555,4435.272306,4495.832189,4471.231219,4523.408667,4269.526316,4634.808041,4481.122321,2151.388889
01-06-2024,3442.307692,2358,4216.666667,2875.595238,2374.305556,3421.617647,4441.276515,4352.109195,4407.082363,4426.710286,4390.628667,4343.810794,4354.915969,4350.055556,4448.185498,4193.404762,4470.786714,4323.644813,4445.017378,4436.44183,4453.128381,4307.866667,4502.985139,4392.492754,3442.307692
01-07-2024,4147.826087,3139.301075,5493.548387,4065.555556,2701.333333,3703.809524,4326.529333,4296.459877,4234.122648,4293.731548,4299.529238,4321.672947,4263.798986,4223.151111,4337.980456,4168.763889,4364.102516,4235.643668,4270.117037,4331.371069,4310.639506,4195.5,4339.28184,4287.625763,4147.826087
01-08-2024,4162.962963,5227.419355,5829.032258,5040.229885,3021.212121,5952.928571,4246.670455,4164.761905,4133.62235,4230.094203,4133.865873,4178.476658,4199.149559,4111.753086,4250.854906,4059.293651,4209.258256,4148.601602,4264.329382,4157.707098,4162.314493,4094.543478,4186.674603,4085.518737,4162.962963
01-09-2024,3491.37931,3450.388889,4108.333333,3780.45977,3395.634921,2899.235294,4410.89375,4440.206349,4333.822742,4379.738095,4435.044,4333.8672,4253.598512,4277.788333,4387.658333,4298.359848,4462.521973,4448.261428,4442.023762,4426.932267,4384.067361,4209.0625,4458.668972,4286.25303,3491.37931
01-10-2024,4286.206897,4149.833333,5253.225806,4914.942529,4507.608696,4214.2,4184.19089,4167.916667,4072.749666,4262.602143,4189.303755,4125.284101,4091.931439,4001.332145,4266.757226,4122.870616,4229.758643,4203.332811,4215.491625,4214.949293,4238.586855,4175.686232,4217.269812,4100.115393,4286.206897
01-11-2024,3811.666667,3766.851852,4736.666667,4108.045977,3657.936508,4113.131579,4120.8079,4109.169872,4077.438159,4181.852706,4084.095833,4147.479379,4049.746032,4041.520493,4228.335136,4075.29631,4205.901031,4132.305672,4044.530464,4223.82002,4147.817063,4124.443333,4207.933946,4106.208712,3811.666667
01-12-2024,3126.724138,3420.632184,4283.870968,3447.222222,3282.142857,3021.157895,4007.892532,4006.862179,4019.686919,4075.976667,3944.334921,4132.229124,3967.447701,4035.847578,4153.353059,4029.893939,4160.765627,4057.393834,3988.765482,4100.20331,4059.913492,3950.18,4084.689373,4045.844991,3126.724138
